"tripes_intentados_aj","tl_intentados_aj","ro_aj","rd_aj","asistencias_aj","tapones_aj","perdidas_aj","faltas_aj","puntos_aj","posicion","all_stars","partidos_jugados","partidos_titular","jugador"
1.30476165620496,-1.22419855987881,-0.844375906828337,-0.764561811366168,-0.731663678744263,-1.14625198595951,-1.06988136735843,-0.572572114247582,-0.397956024427655,"SG",0,35,1,"A.J. Green"
0.378642690387902,-0.587035021494577,-0.17297343292082,-0.611466163161731,-1.32724308834818,-1.14625198595951,-1.24551562089879,-0.732980952576817,-0.364604294727022,"SG",0,15,0,"A.J. Lawson"
0.626662655186239,-0.78391616249785,-0.558857775244407,-0.864950423950241,-0.679501475398111,-0.538290824881187,-0.810946933596624,-0.971158644904277,0.14073685887265,"SF",0,72,12,"AJ Griffin"
-0.486084871297626,1.38683007068314,1.35800585294407,0.386439686150559,0.28368648284529,0.642321048309586,0.0276651658421457,-0.581618397842693,0.953945311962319,"PF",0,68,68,"Aaron Gordon"
-0.511117090204814,-0.830411801839373,-0.537612271974709,-1.37060611370498,-0.0415399329359848,-0.364988037610621,-0.477132530969062,-0.0426085369050877,-0.883114556226813,"PG",0,63,6,"Aaron Holiday"
0.644449379075285,-0.053267388635721,-0.293702819736024,-0.116226221340816,-0.602152295921489,0.136176168471435,-0.335195013992961,1.98873633361135,0.0411877129055161,"SF",0,73,60,"Aaron Nesmith"
-0.534401307572104,-0.511601534172307,0.25416092183926,-0.446599768048104,-0.567520360477741,-0.516038445468703,-0.363447205071639,-0.0663066218967935,-0.346691772044293,"SG",0,70,14,"Aaron Wiggins"
0.0775348508807547,-0.687444973853985,-0.0751604888245457,-0.951634221646395,-0.605789647934689,-0.731193990316696,-0.916021658193857,0.971798093417192,-0.692735482476145,"PF",0,37,0,"Admiral Schofield"
0.751382228113192,-1.17298487420979,0.0113226591962317,0.948617747451054,0.271211210976405,1.07363108641279,-1.12681261773741,-0.601146314733092,-0.318314618295516,"C",0,63,63,"Al Horford"
1.08445909368701,1.40404473714286,-0.758774616296042,-0.0831077969750212,0.138262496709976,-0.586847776127707,-0.00654377906336182,0.110667334963977,0.898480069228739,"SG",0,51,8,"Alec Burks"
0.238276274851675,-0.571159967702501,0.58033117206831,0.615128706286638,-0.0171181221249221,2.65921325102899,0.461355221886879,-0.108714877787542,-0.14886948603435,"PF",0,34,25,"Aleksej Pokusevski"
-0.370823547892697,-0.568207632094249,-0.517564668201429,-0.492627968859492,0.556693045823961,0.723622473875826,-0.0953726826761998,0.822543300501286,-0.906992301569191,"PG",0,67,36,"Alex Caruso"
-1.51786349832647,-0.352418882842568,1.48662995100256,0.26477261053518,-0.65730437475768,1.35320511765026,0.425220132930563,1.12277264641304,-1.28261589985783,"C",0,26,2,"Alex Len"
-1.06580842415938,-0.605051028727856,0.0791477429082535,0.977798702858325,-1.03664958287644,-1.14625198595951,1.61348112531567,-0.430994310077508,-1.32964503028362,"PF",0,4,0,"Alize Johnson"
-1.26408878548259,0.983300142316388,2.36378897102748,1.61271392370876,0.885563095949845,0.930393512185587,1.86987195464166,1.75346817336696,0.755327937856373,"C",0,75,72,"Alperen Şengün"
-0.968321344342553,0.0635401214872823,-0.705409805464766,-1.44758486132067,-0.297343694601569,-0.737627121533499,-0.932543584070786,-0.686526130718668,-0.999310794812521,"SF",0,50,9,"Amir Coffey"
-1.64773179436423,0.694998385280374,2.91708467681748,3.13158332086623,-0.946735278856648,0.471597400519508,0.874600774026927,1.12429996171646,-0.100640820511507,"C",0,67,0,"Andre Drummond"
-0.783909453170182,-0.947986180926732,-0.563104753362201,-0.301448515848232,0.90381541957961,0.365130176394242,0.686614174010343,0.0947620252752753,-1.51545302446815,"PF",0,8,0,"Andre Iguodala"
0.0867711836754808,-0.842546150584122,-0.722179882274074,-0.753817410413744,1.34026003912628,-0.669360515142799,0.620659156182978,0.375745381128647,-0.240571271587641,"SG",0,75,63,"Andrew Nembhard"
1.05864430323562,-0.270772192228925,0.385987181294092,-0.168587056016913,-0.188353186414822,0.561523814239804,-0.200182218938439,0.67953245043168,0.959275412261962,"SF",0,37,37,"Andrew Wiggins"
2.1525246969419,0.200594204691595,-1.01596637479009,-0.935390826055813,0.685828369299596,-0.744383392485422,0.727269202571781,-0.339084570352262,1.46978193566752,"SG",0,62,62,"Anfernee Simons"
-1.09326388407616,2.96448567441121,2.26360704177329,3.15181883070274,-0.0765175829718646,2.95810959649204,0.916792032259682,0.124513363179864,2.40135569977252,"C",0,56,54,"Anthony Davis"
1.338804744949,1.42636916494647,-0.727737428389721,0.697510296913878,0.796908043461225,0.231672972054539,2.18880683233804,-0.272337360769447,1.99186601005647,"SG",1,79,79,"Anthony Edwards"
-1.17617043474734,-0.0217524599243397,0.0406572731386038,-0.827737228360919,-0.76278222723298,-0.238680680227142,-1.10791852871175,0.195760655051559,-0.905612322082098,"PF",0,59,8,"Anthony Gill"
0.388272065734147,-0.535482333722871,0.0568510029130198,0.0354133209751026,-0.271832939019702,-0.227850817773559,-0.212979946703675,1.03282557514009,-0.426064514754516,"SF",0,62,4,"Anthony Lamb"
-0.0132007491528795,1.17377696959682,-0.739959956224279,-0.597645985018644,0.587674156283588,-0.452318147850359,0.245752694823503,-0.786464486897584,0.402008705108323,"SG",0,64,22,"Austin Reaves"
-0.131468827997251,-0.703015004919382,-1.16490787040418,-0.953358654060953,-0.360152640148542,-0.842271405420349,-1.20129686199348,-0.379188024796397,-0.912531603031308,"SG",0,52,10,"Austin Rivers"
-0.41355632694167,-0.69172223664994,-0.576470752146739,-0.69634780441299,0.211715441764906,-0.403969050750959,-0.0756243439799317,0.355062856732635,-0.359553807192343,"SG",0,80,51,"Ayo Dosunmu"
-1.56350753002988,1.56178290571953,1.20841160461629,1.66882971030473,0.225066128278081,0.474735908773329,1.27043405490955,0.343782106723255,1.37779304229973,"C",1,75,75,"Bam Adebayo"
-1.64773179436423,-0.430806459816862,-0.0864952755747027,1.52415175229517,2.4754769251495,0.334312163691779,1.66203445087392,1.94690797403557,-0.727899926693045,"PG",0,42,33,"Ben Simmons"
0.289695553717709,2.24714382257074,-0.0386778190075126,-0.246113568070463,-0.55975503355196,-0.680153186672588,0.861022907245595,-0.162164557608646,1.16851692156217,"SG",0,78,17,"Bennedict Mathurin"
-1.64773179436423,-0.25425369928598,1.48250460600517,0.769130193836534,-0.59296311215523,4.09488300508157,-0.0590574640657925,1.27821503051101,-0.808348094791553,"C",0,61,14,"Bismack Biyombo"
-0.379444330532938,-0.538181028387081,0.77468368219491,0.604552553837412,0.0246837104643409,-0.383452719411966,-0.757581994046053,1.11737599876214,-0.84822818265018,"C",0,41,16,"Blake Griffin"
-0.717148077537295,-0.328814256839842,-0.838193589795659,-0.512181507053581,0.790075188083376,-0.826428783683119,1.71424820245518,0.397893761240984,-0.817583115865585,"SG",0,37,1,"Blake Wesley"
-1.64773179436423,0.249558726180816,0.680973016465297,0.245741721878931,-0.951625597946599,-0.478354713235125,0.162166998200903,-2.03838053049861,-0.293561584162759,"C",0,31,0,"Boban Marjanović"
0.2653077214425,-0.158471491034751,1.4114902728359,3.07457928787623,-0.497807085288925,-0.648704236062006,-0.0652519563221495,-0.755247563982201,0.835699780685996,"PF",0,70,22,"Bobby Portis"
1.64712082738821,-0.468605803626451,-0.84467634721273,-0.49026126178257,0.262174647010725,-0.436404580212504,-0.15892707720303,-0.881522683617734,0.666706603832184,"SG",0,54,9,"Bogdan Bogdanović"
1.02027053091219,1.55377551484923,-0.676580300891103,-0.288284589271942,-0.016873077333106,-0.932299416067075,1.17754148981024,-0.700255154516111,1.80038890030514,"PF",0,59,59,"Bojan Bogdanović"
-0.702665257641826,-0.215670420750688,0.100115714360843,1.68798240573114,-0.731451510347157,2.26415495225668,0.937602293701543,-0.94075294229917,0.037480585686086,"PF",0,70,33,"Bol Bol"
1.90269460269813,0.111133129641064,-0.708232565623994,-0.416360544497681,1.00580986576798,-0.231093532811207,0.955954416319897,0.0272914552180394,0.915316381784137,"PG",0,56,1,"Bones Hyland"
0.249230352999866,1.18931697464915,-0.489276207520168,-0.409243177123799,1.46412060375048,0.305814769280575,1.88047051865755,-0.511291878943503,1.96600220638533,"SG",0,50,50,"Bradley Beal"
-0.470128140829097,0.621726934311278,-0.664698526880041,-1.01187343170058,-0.447628930797948,-1.14625198595951,-0.582774738775522,-0.509790606182863,0.251273259214322,"SF",0,22,1,"Brandon Boston Jr."
-1.58455417076561,0.59140351633609,1.10777998644496,1.16843886859611,-0.439989848960934,0.981612077814619,-0.0302470768029121,1.19940029549127,0.430385685896233,"PF",0,56,8,"Brandon Clarke"
-0.118815018068034,1.91282811486863,-0.807163876514863,0.692052277982951,1.63492772787364,-0.328872204987143,2.3476863515588,0.109777104170446,2.16935494802548,"SF",0,45,45,"Brandon Ingram"
0.52582609095816,0.0710439510139047,0.901717772995989,0.762107538506741,-0.718144459027426,4.41657964432652,0.0181516424010521,0.416411716696838,0.861902616284745,"C",0,78,78,"Brook Lopez"
-0.097789915898677,-0.171776098749887,-0.387153066785675,-0.0427767143053445,0.603195104410126,0.252044411901259,0.262492459659742,0.291674952066665,0.118770069453527,"SF",0,80,31,"Bruce Brown"
-1.55228791166496,0.238625741881777,1.88808775507268,0.525284986450933,-0.512978366914027,2.98682182994495,-0.212864991977891,2.32488149455138,-0.651368603878512,"C",0,39,4,"Bruno Fernando"
-0.473461648259338,0.153469743794985,-0.653800705493371,-0.732915988302562,-0.430401609520126,-0.813897417819674,-0.0614608167719723,-1.18162107514196,-0.676939232153648,"SG",0,46,7,"Bryce McGowens"
0.0399132136063514,-0.629861437964628,-0.866719412080556,-1.75467706765324,-0.648502854756731,-0.695132955689002,-0.533760446159033,-0.703518701981919,-0.796003161667333,"SG",0,25,0,"Bryn Forbes"
0.961081779475409,-1.08297010053336,-0.815904032665749,-1.69537506879411,-0.950394669107206,-1.14625198595951,-1.9819967187872,-1.38348673618927,-1.50689831039267,"SF",0,10,0,"Buddy Boeheim"
2.22825737465595,-0.415948547847194,-0.441559785635582,0.400564396858084,0.135606930963086,-0.488037497245437,0.412826018146152,-0.490586951373904,0.990139504375019,"SF",0,80,73,"Buddy Hield"
1.34041507713849,0.350409789143443,-0.619709294164576,-0.188735721378609,1.51154246103703,-0.14781191665314,1.09510255278617,-0.74656329481333,1.4124079055848,"SG",0,75,75,"CJ McCollum"
0.560593645099466,0.645896671168022,-0.277988195762082,0.871352837660901,1.80524229475528,0.103796054825157,2.43236240394192,0.447708079270221,1.38859799499006,"PG",0,12,12,"Cade Cunningham"
0.310528791845607,-0.978724828596531,-0.0988614224008943,-0.960072986671221,-0.927952913262921,-0.797281038279683,-1.08575009541545,-0.620702369205312,-1.05408679861647,"SF",0,51,4,"Caleb Houstan"
-0.0807039875162579,-0.377310841856886,0.0501413398834863,0.112702405988931,-0.517755136437738,-0.232338031573713,-0.368320975813347,-0.372786892124417,-0.302802101489672,"SF",0,71,49,"Caleb Martin"
0.276751203386273,-0.0495856962398173,-0.675407407116077,-0.932959982713321,-0.532111972480765,-0.117397102833022,-0.000224909975340789,-0.333659027809305,-0.0415647866073597,"SF",0,40,20,"Cam Reddish"
-0.0269914490248702,1.44707383704782,-1.14742656230898,-0.800352341111665,-0.231191526326529,-0.80719854114196,0.412637116698989,-1.13813651905728,0.910416348785214,"SG",0,57,4,"Cam Thomas"
1.30684491146073,0.448459778511812,-0.387153066785675,0.160560139459768,-0.314923425559941,-0.447103787029126,-0.63530321171903,-0.313444394167078,0.926267647998636,"PF",0,42,41,"Cameron Johnson"
0.757252784069206,-0.323668631494726,-0.872756394677541,-0.553616019761197,2.02885589546186,-0.552834637726069,1.2566041835187,0.127814898757498,0.444499638248848,"PG",0,48,15,"Cameron Payne"
0.396766790232998,0.07780408379041,-0.536379405445482,-0.263785141135336,0.812154496755481,-0.4755370981086,0.314759720789198,-0.00110834994940297,0.140554558620648,"SG",0,74,30,"Caris LeVert"
-0.639508265763385,0.227744685890554,-1.04776252547147,-1.33890375279227,-0.203787141818994,-1.14625198595951,-0.943759972451961,-2.28937499103589,-0.848755990045425,"PG",0,7,0,"Carlik Jones"
0.889230256575061,-0.240922767264743,-0.871239399757319,-0.547714864634257,-0.304966957417489,-0.848528792855649,-0.643895468489683,-0.246854417363094,0.040916503250641,"SF",0,77,2,"Cedi Osman"
-1.49353493133513,-0.264224634364128,2.56642487200019,1.38872518877522,-0.211298438830295,2.19239580924907,0.876170351162847,1.71781327964764,-0.371161992144517,"C",0,35,2,"Charles Bassey"
-1.07506849816857,-0.00581272079959138,0.285833680439278,0.792405661895939,-0.754202166066027,0.231439286008642,-0.507720279779442,0.238173160908739,-0.253569407728475,"PF",0,66,0,"Chimezie Metu"
-0.0954911547016954,0.398950371669867,1.81054865112074,0.761518422289059,-1.16402431622994,1.24371323984933,-1.02292768764346,0.345541111618563,0.229769693614965,"PF",0,76,0,"Chris Boucher"
0.753017902383488,-0.0558057442916437,-0.710370299034349,-0.422909273396688,-0.360152640148542,-0.538290824881187,-0.225422041001342,-0.576511564832357,-0.12258025660334,"SF",0,46,12,"Chris Duarte"
0.31322049595275,0.190658383523287,-0.782016515361297,0.0904033619399071,3.53453446290286,-0.288509551121845,0.633949278129522,-0.415903534604108,0.379147446665577,"PG",0,59,59,"Chris Paul"
-0.688727740602022,-0.594508421842121,-0.254936064040364,-0.421339651783243,-0.732096303682579,-0.436364303977717,-0.842513543003766,-0.343770584623087,-0.757709258601743,"SG",0,76,6,"Christian Braun"
-1.48844511707377,-0.330363447301108,1.35758783457417,-0.607736745101658,-0.974649360413991,2.68580546388448,-1.24386896642908,2.13348382551163,-1.17375803298319,"C",0,58,19,"Christian Koloko"
0.5297567071073,1.43812595006125,0.299928753713652,2.07350359523187,-0.298582129016971,1.59773355829209,0.900971848537177,0.709161113878903,1.38420704962992,"C",0,67,17,"Christian Wood"
0.395519228381279,-0.696110658751457,0.214868007254712,0.0436531990996789,-0.348228935338426,0.0826416410535173,-0.798454323263786,-0.347612687953261,-0.951992568512592,"SF",0,27,8,"Chuma Okeke"
-1.64773179436423,-0.0472917158130294,3.56387068808873,2.77513481989968,-0.899264733687791,1.79115611592622,-0.724660871642269,-0.00220103084323861,0.341685717395901,"C",0,65,63,"Clint Capela"
0.913719050456336,-0.708479768185461,-1.04933912192468,-0.253521704406403,0.492407960338226,-0.878328522721052,-0.26175681883252,-0.556357777280479,0.0484230912905244,"SG",0,74,2,"Coby White"
-0.366133466583881,-0.529658514872732,0.374020023418546,-0.217052270112366,-0.182234665058109,-0.837930003027902,-1.3881094526316,0.463650861323982,-0.867396625283749,"SF",0,7,0,"Cody Martin"
-1.57063336284968,0.92050223601731,1.82683529748699,0.525617590070077,-0.795871573303403,-0.0333693875566477,0.161628583675333,1.95861587036114,-0.114092030499726,"C",0,15,2,"Cody Zeller"
0.114996992541294,0.508675878191797,-0.321743995481644,0.622508361580703,1.07725787790559,0.101014170518491,0.420477087316448,0.871089203447491,0.606305057667456,"PG",0,60,4,"Cole Anthony"
-0.178906787330193,-1.35022426554712,-0.9961899490327,-0.597779131043244,-0.465430329962699,-1.14625198595951,-1.9819967187872,-1.67082245968548,-1.47928881328869,"SF",0,7,0,"Cole Swider"
-0.276107766062785,1.53029233421444,-0.263803564974065,-1.20462057002477,0.532770208079064,-0.882267970952261,1.06890630455403,0.602250078267203,1.06720823315077,"PG",0,48,15,"Collin Sexton"
0.883625076893217,-0.602187870585059,-0.849443631109259,-0.644584022270842,-0.73967475832038,-0.912027342362331,-0.929286363304278,-1.36248569922386,0.049320462764284,"SF",0,74,45,"Corey Kispert"
0.165338461335856,-0.389520858217887,-0.866616577367179,-1.05465699584089,1.28732764946893,-0.845437193123531,-0.243715783663432,-0.605281764878713,-0.404819245261682,"PG",0,62,2,"Cory Joseph"
1.39311037849283,0.342777821507686,-0.787975094050091,-0.737731215187044,1.97498300110769,-0.298073339850064,1.55780519179969,-0.586141372062552,1.0667089040023,"PG",0,71,71,"D'Angelo Russell"
0.157899870140261,-0.795302379608013,-0.796788673452913,-0.864514167156448,0.621351720747999,-0.798738464334792,1.36489170849028,-1.08321944831527,-0.998678838883262,"PG",0,57,7,"Daishen Nix"
0.021908892893137,-0.281207605492099,-0.315387671137377,-0.673187754170974,0.104563119722432,0.862126600059967,-0.0477355666702348,0.246141921432816,-0.202109888259577,"PG",0,31,2,"Dalano Banton"
-0.68561498983442,-0.294203495010714,-0.327557089219873,-0.933134474974301,-0.435740752433822,-0.484930985334525,-1.1327760061238,-0.763333149938323,-0.942501987745589,"SG",0,38,0,"Dalen Terry"
-1.29137380085797,-0.551648726400962,0.820123206744276,0.2138832424156,-1.02754596461968,0.997028806659698,-0.330648789029267,0.278266784944194,-0.903183499301621,"C",0,41,1,"Damian Jones"
2.94730991939162,3.64866708441382,-0.536255780099353,-0.0033345305301235,2.27337579372665,-0.559283447708266,2.16358783004008,-0.925913853204684,3.25457561146753,"PG",1,58,58,"Damian Lillard"
0.373499673652955,-0.252175579590652,-0.58197863555739,-0.136731976019758,-0.471666127311042,-0.851548912473494,0.0994036090317362,-0.278221720801679,-0.109484056728091,"SG",0,74,5,"Damion Lee"
-1.64773179436423,0.519530049279962,1.74756290515288,0.700264318404527,-0.632173044818439,2.65921325102899,0.0854549233216406,1.22141945943821,0.0793434009466719,"C",0,78,47,"Daniel Gafford"
1.2397626182279,-1.24147315885216,-0.705409805464766,-1.09105747086312,-0.941269077649094,0.0796226073185233,0.37927283432473,0.639731366589884,-0.25598820201623,"SG",0,11,0,"Danny Green"
-0.098721706497234,-0.259265376321969,-0.944936925173735,-0.653765208367389,-0.69488341737014,-0.400942240277524,-0.78565547001225,-0.43621442804306,-0.653322181273093,"SF",0,56,5,"Danuel House Jr."
-0.0771457194659629,-0.0429504905308685,0.378539797677692,0.687568279088461,-0.187792031008638,-0.768406445371073,0.444013183756017,0.830576986120506,-0.108058019277345,"PF-C",0,57,12,"Dario Šarić"
-0.714056210484307,0.243914739923633,0.176339605912169,0.333614151042508,-0.59296311215523,1.84868229463539,-0.539792277746147,-0.908906306469058,-0.516489109520648,"C",0,43,1,"Darius Bazley"
1.56976591433335,-0.52620058655148,-0.390476358254641,0.0617851980561094,-0.989961505186978,0.711475669490856,-1.9819967187872,-1.32919016300355,-0.164440728243469,"SF",0,4,0,"Darius Days"
0.832149500055721,1.13730930239431,-0.91993711185973,-0.949221014417207,2.59608215515935,-0.947385226758182,1.72087325934588,-0.628134560577073,1.51812479510119,"PG",0,69,69,"Darius Garland"
-1.1556495526027,-0.468044325869,-0.136309175779663,-1.17772189164493,-0.358558736355384,-1.14625198595951,0.45031088502285,0.656969668458283,-0.685087981497012,"SG",0,23,0,"David Duke Jr."
0.353886056693002,-0.581281757314913,-0.19635546982375,-0.412159663689272,-0.803358027862456,-0.183168980103654,-0.333034443152039,-0.213200854110514,-0.339623904696248,"PF",0,70,4,"David Roddy"
0.014024842826727,-1.00975426264469,-0.997602524595145,-1.25630807491381,0.454082780438133,-0.506605581406726,-0.339221198235028,-0.432536213553847,-0.651358833505818,"PG",0,80,9,"Davion Mitchell"
-0.415458592740977,-0.489513928399298,-0.779104656748812,-0.555088458684478,-0.770047773687008,-0.607241923570548,-0.2516021415618,-0.190042722436101,-1.22228136351252,"SG",0,43,1,"Davon Reed"
-1.46856863901853,-0.0883884745667805,3.19510335502252,0.35301202607476,-0.572243662929624,1.87091467920768,0.508706824225804,1.9769949553116,-0.447966308877885,"C",0,48,3,"Day'Ron Sharpe"
0.512588606702027,1.96941476925402,-0.798332537265645,-0.10287484477944,1.85270787002418,-0.522586125554132,1.35494785840978,-0.100309094322859,2.29919881062329,"PG",1,73,73,"De'Aaron Fox"
0.281736784295199,0.431015567386327,-0.56314715093044,-0.0189995187367277,-0.684021917322704,-0.498553228888812,-0.31854069803189,0.865379150307953,0.677302670148141,"SF",0,67,67,"De'Andre Hunter"
0.909467255354082,-0.657524045466595,-0.254996288485998,-0.0773641439504782,0.13788548911553,0.036827023618835,-0.00700460707101148,0.50083143984868,-0.132651902133077,"SG",0,77,58,"De'Anthony Melton"
-1.64773179436423,-0.191722375599208,1.03403844079981,1.72952713877221,-0.620423929309937,1.03024392338835,0.81290228713973,0.899458685519488,-0.600241220390535,"C",0,39,8,"DeAndre Jordan"
-0.873554568379275,2.35433535805051,-0.827833243569546,0.115297170294492,1.14815246122933,-0.165996347839833,0.661427761457865,-0.157464323440985,1.95793632574757,"SF",1,74,74,"DeMar DeRozan"
0.134522643690869,-0.956734753768189,-0.579489170970608,0.300533731734982,-0.856570130885026,0.332258010768482,-1.22255837528097,0.499951826325285,-0.998899458647839,"PF",0,44,13,"Dean Wade"
-1.46274814454956,0.426361005154163,1.56715922315303,2.50940371710601,-0.484381657644469,0.633854135732017,0.589622602740555,0.705292704545503,1.26667274073831,"C",0,67,67,"Deandre Ayton"
0.462551581152778,0.000921584624099944,-0.635148111178528,0.276038328802023,1.65043316043444,-0.560462944755701,0.776172688749705,-1.56452037615479,1.26463970551179,"SG",0,74,74,"Dejounte Murray"
-0.349979266358286,-0.519315505563706,0.239714116516101,-0.463459318102789,1.18706565393136,-0.365731240660371,-0.478564082567222,-1.31239697246577,-0.53504616312647,"PG",0,50,14,"Delon Wright"
-0.0706210801131123,0.0830015391603781,-0.0963476236234038,1.56487442925796,0.322242795962264,-0.167115951997599,0.532674975502654,1.11007900065428,-0.252024226064661,"SF",0,76,40,"Deni Avdija"
-0.0641223976767801,0.916215593531972,-0.981319448000872,-0.845574249906922,1.1707712691208,-0.698041819939306,0.464129691936959,-0.138617659778275,0.24320917117215,"PG",0,66,50,"Dennis Schröder"
-0.553002040253899,-0.0151387852559295,-0.691329923770287,-0.382818173342865,1.68419238844711,0.107871167268221,0.433684978025418,0.405779978256842,-0.290793329727717,"PG",0,54,15,"Dennis Smith Jr."
-1.64773179436423,-1.35022426554712,-0.31886829249276,-2.27948210572162,-1.47787356352203,-1.14625198595951,-1.9819967187872,-2.03987121413476,-1.50931793129908,"SG",0,5,0,"Dereon Seabron"
-0.62207541618784,-0.0368353859752841,0.386468403750076,-0.623410152770668,-0.979367326600721,1.13142606750789,-1.00705344718617,-0.135594463777066,-0.558624477948172,"PF",0,64,0,"Derrick Jones Jr."
0.305573249448092,-0.915219838767301,-0.705409805464766,-0.853372543891418,0.346581688445951,-0.329002257107489,0.116909550645628,-1.48228062910381,-0.220591888073558,"PG",0,27,0,"Derrick Rose"
0.688905317565722,0.0835121581301624,-0.61595524956683,-0.303980254885263,0.921272553383332,0.961769806415122,-0.177350395102198,0.00589882654593435,0.313080616918901,"SG",0,82,70,"Derrick White"
1.49326356624415,0.660852965184193,-0.56314715093044,0.420538762065885,1.01708875310442,-0.282653643198579,1.06767265259752,0.304789780222115,1.81811680313334,"SG",0,58,58,"Desmond Bane"
0.878996135666249,2.31674772789977,-0.407480874622369,-0.0990711028413935,1.44905403175941,-0.538381525434696,1.5306285168053,0.606840909013183,2.67663034536879,"SG",0,53,53,"Devin Booker"
1.54425928600533,0.167973775715262,-1.09770524205448,0.0815112417890725,0.596601357958835,-0.26863266767408,0.131082166742224,-1.20270049486438,1.3132331028575,"SG",0,38,32,"Devin Vassell"
1.38716362439627,0.170497819747543,-0.841749721934531,-0.986944033437551,0.773210542750402,-0.511362042390978,-0.555256970308817,-1.07234033685834,-0.167930687456091,"PG",0,73,8,"Devonte' Graham"
-0.736767778255455,0.166253420427041,0.649785429491239,1.03491072207759,-0.672047478867511,1.04531011066438,-0.0120245771985781,2.35141173645475,-0.228452631575781,"C",0,38,1,"Dewayne Dedmon"
1.13360423039867,-0.103664931396747,-0.649400622610164,-0.528041618111828,0.0451885590015622,-0.700169923290556,0.0228956766278568,1.43880064119498,0.560043817350952,"SF",0,73,73,"Dillon Brooks"
-1.18449834052531,1.61570896444669,1.91536456428321,3.08315036082163,2.40695760839697,-0.133134551751486,1.79082297870103,1.264487914738,1.1496189214903,"C",1,79,79,"Domantas Sabonis"
-1.57098177565951,-0.465694505905405,1.62856889093758,-0.131464206930065,-0.604976447645824,1.43873930357227,-0.796475540585732,1.45524663859039,-0.955232770472377,"PF",0,28,0,"Dominick Barlow"
2.17254666570646,1.49029200178032,-0.429795691880181,-0.382534125941571,0.806182747800902,-0.35565597892312,1.31748891321569,-0.131533540270328,2.64244355021121,"SG",1,68,68,"Donovan Mitchell"
1.07039238805454,-0.693497261454079,0.0364972362872348,0.160584897534436,0.79044229063377,-0.899491294350963,0.55298148619445,-0.455796162042317,-0.193521107066013,"SG",0,72,36,"Donte DiVincenzo"
0.710809740772829,-0.817248684336732,0.568997047917475,-0.273327233996533,-0.601263058335947,-0.0336856599023066,-0.69618705802332,-0.161350259000492,-0.60297973888053,"PF",0,66,66,"Dorian Finney-Smith"
1.22130886445685,-0.490373702726172,-0.730843296705649,-0.741891346271033,-0.397910406452262,-0.852540183145493,-0.284760946439998,0.0927983244691245,0.392318845112129,"SF",0,64,0,"Doug McDermott"
-0.836349017046383,-0.484387568611551,-0.34349164704671,1.69447559000456,2.39563260318257,0.588853252182844,1.91717295011075,1.025419561123,-0.605847640989591,"PF",0,73,73,"Draymond Green"
-1.52481769518802,-0.0910578278545504,1.18914576476582,0.902537427141519,-0.468255485486898,2.69787400553328,-0.273260445898174,0.883851121491404,-0.512222135369106,"C",0,78,28,"Drew Eubanks"
-0.414367748391447,-1.10724490927089,-1.08889326973635,-0.288035800921903,0.320505549778402,0.223215546842609,-1.3958062540071,1.1057852687965,-1.05605399507011,"SG",0,15,1,"Dru Smith"
1.37847111166521,-0.489077886251334,-1.11482491462214,-0.985531677624528,0.646679575139485,-0.741789639339755,0.874600774026927,-1.50119479537309,0.565038318133351,"SG",0,31,3,"Duane Washington Jr."
1.60691493815394,-0.625408783840975,-0.977059913446961,-0.794344505117818,-0.494359060067121,-1.14625198595951,-0.451949313583545,0.638678257911748,-0.315481725798304,"SF",0,42,1,"Duncan Robinson"
-1.58388019990343,0.448588153140942,1.74615640870353,-0.313752232411292,-0.751673445403994,-0.224581765699739,-0.206683125502076,2.24495862444494,-0.419740270490856,"C",0,76,64,"Dwight Powell"
-0.635461325816508,-0.745308647048988,-0.345369919601508,0.175837695733559,0.483567229256716,-0.496843651880737,0.102811595763289,0.244148909524149,-1.13396513473065,"PG",0,59,11,"Dyson Daniels"
1.22509947865964,-0.994215139964497,-0.871928681724233,-0.982667670341258,-0.892328276964805,-0.254465317625949,-1.40941267162233,0.134282770032879,-0.42605291170232,"PF",0,45,1,"Dāvis Bertāns"
-0.379444330532938,0.679883827352965,-0.936219653032477,-0.948389185925147,-0.175657259400511,-0.383452719411966,0.221949785746858,0.62221854052903,0.142911295067003,"SG",0,53,12,"Edmond Sumner"
0.870923758142293,0.200365427607131,-1.08410356234201,-1.12723993438596,0.174739790424097,-0.214054387385665,0.262492459659742,-1.674962923193,0.300457024626171,"SG",0,69,58,"Eric Gordon"
-0.0653763064687252,0.399728907034204,0.58098140606238,-0.568443894519777,-0.841632821549543,-0.800182003617707,0.0177947371183045,1.82779663640269,-0.104351926200848,"SF",0,40,6,"Eugene Omoruyi"
1.26488890485575,-0.639802795677714,-1.15010981058153,-0.62975172286358,-0.338620899960232,-0.812581959932798,-0.268096830357651,0.343089360058773,-0.439671935190795,"SG",0,27,7,"Evan Fournier"
-1.09795957796925,0.707629369649523,1.11766563732071,1.62634290234757,0.0184982757277908,1.90594984872168,0.369653703435214,0.359352054024257,0.652636216481967,"PF",0,79,79,"Evan Mobley"
-0.509808053736046,-0.702601525377067,-0.709983114654874,0.0206003818823382,-0.0398857108879382,-0.537902419587999,-0.810198790517307,-0.969645886938928,-0.885358770635986,"C",0,36,0,"Frank Kaminsky"
-0.482705505135353,-0.604295801960409,-1.11685146082333,-0.882089804961997,-0.21595597090801,-0.745855512412944,-0.43951593430379,0.299701494774504,-1.19696263506712,"SG",0,47,5,"Frank Ntilikina"
0.331020994815378,0.902097674304827,-0.367331739167469,-0.310424531743626,0.46698995396222,-0.723104684159024,0.870723257592297,-0.18023861532622,1.20606360506572,"SF",0,80,80,"Franz Wagner"
1.90213798595827,0.767673813461846,-0.929452452276653,-0.247304500935346,2.19244960829161,0.0183125334448376,0.510419496072739,0.188754306269101,1.04212607076102,"PG",0,69,69,"Fred VanVleet"
-0.436270781621782,-0.0574590860759294,-0.832199597181516,-0.866757184512042,-0.71241531791862,-0.660504288993229,-0.110710286014907,-1.7624691127471,-0.60386229978446,"SG",0,37,0,"Furkan Korkmaz"
0.996361385994057,-0.619942066221114,-0.819082194837881,-1.04613615711813,0.160031206623884,-0.896798754663911,0.260312166909538,0.385304934741728,-0.171596934295005,"PG",0,68,34,"Gabe Vincent"
2.25299841592702,-0.767471754961198,-1.31642039419412,-0.459973687033427,-0.0812298079544393,-1.14625198595951,-1.9819967187872,0.1128667521718,-0.0350791012855278,"SG",0,3,0,"Gabe York"
-0.383372082555139,-1.02641289546209,-0.709983114654874,-1.39483499510471,-0.678991423169754,-0.537902419587999,-1.2007980999406,-0.969645886938928,-1.14884411028152,"SG",0,25,0,"Garrett Temple"
1.12628753616275,-0.273791291427383,-0.913229435050157,-0.985531677624528,-0.946735278856648,-0.741789639339755,-0.943233994127515,-0.450996892537273,-0.521069750181932,"SG",0,54,0,"Garrison Mathews"
0.764725422628292,-0.938326148574211,-0.80214902804084,-1.079163606869,-0.664911253500652,-0.372412448503141,-0.988287819682586,-0.157655462566291,-0.348224985418906,"SG",0,48,42,"Gary Harris"
-0.805531084223017,-1.0806073961445,0.535030887777273,-0.315245668292262,-0.236208527462567,-0.470873990247761,-0.464271258664827,1.04505396191812,-0.857210214174377,"SG",0,22,1,"Gary Payton II"
1.37600417428237,0.41495207155655,-0.783220316441606,-0.910533813162468,-0.578796341251922,-0.718346846174638,-0.88302690710113,-1.25578904310973,1.02199388407788,"SG",0,66,44,"Gary Trent Jr."
-0.251856219123828,-0.328814256839842,-0.838193589795659,-0.884244790983692,0.538080882349442,-0.826428783683119,-0.544568138304054,-0.847751200951263,-0.817583115865585,"PG-SG",0,46,1,"George Hill"
1.45889130306533,-0.863105133817722,-1.01232647990906,-0.416360544497681,-0.676685360525252,-0.536146350527308,-0.610952855737212,0.423330582342013,-0.0359689285829812,"PF",0,78,1,"Georges Niang"
-0.447130747989844,5.65353991070292,1.02965994791693,3.69411044362742,1.72508904081523,0.565368573179981,3.37548111318237,0.966346511264745,3.56104429415253,"PF",1,63,63,"Giannis Antetokounmpo"
-1.03745698138707,-0.122187013511899,2.02886084767788,0.160500959857291,-0.376158048680375,1.79009923098097,-0.366003704767658,1.29000959987567,-0.603979040961362,"C",0,38,1,"Goga Bitadze"
0.237062938806366,-0.577889672248513,-0.774006816887826,-1.11897942968393,0.99920315753512,-0.783502667734866,0.579994036645819,-0.748846796479781,-0.223171985455679,"PG",0,58,0,"Goran Dragić"
-0.205273523576945,0.496894021248756,-0.559698035301689,-0.00864913673523217,0.857622801696922,-0.712475676423921,0.803124473282767,-1.36799436370924,0.558977598165613,"SF",0,50,50,"Gordon Hayward"
0.502226069784164,-0.891374887008813,0.617089784041587,0.979796343169139,0.446589975236832,1.00886706058849,0.785451662338353,1.69720358264595,-0.746658931854191,"C",0,31,1,"Gorgui Dieng"
0.270531885503546,-0.354384902829841,0.0512596540355337,0.259759553167912,-0.364098319822808,-0.148439060777109,-0.3803475147181,0.547233024310315,-0.452505986948124,"PF",0,79,23,"Grant Williams"
0.89280748329239,-0.202018581717037,-0.360699741737894,-0.606480377870047,-0.0300166884595805,-0.666884816335815,-0.443074890240438,-0.849660343987371,-0.0435257664719624,"SG",0,72,70,"Grayson Allen"
-1.1085112435699,0.030757299271037,-0.993130826319207,-0.204432230400864,-1.13716856974764,0.799602021352479,-0.316179840884986,0.0292687882771966,-1.19145113276758,"PF",0,16,0,"Greg Brown III"
-1.37882066958796,0.888051412867497,0.295835689102628,-0.0216615125074549,-0.62831986088774,-0.175847966702704,0.717936066334419,1.28037483879743,0.403053229469491,"SF",0,56,0,"Hamidou Diallo"
0.247285791619156,1.47144587954422,-0.153840733877255,-0.182700894594597,-0.586813804907908,-0.93420732443215,-0.620534445484553,-1.54965628570818,0.552406418382933,"PF",0,82,82,"Harrison Barnes"
-0.308269987395072,-0.921417337779458,0.450342504342711,-0.0302152119738063,-0.800805412566448,-0.179524319184652,-0.326794162380433,-0.201371522883299,-0.974586245365284,"PF",0,54,11,"Haywood Highsmith"
-0.469227334257953,0.0985272831676414,0.379352648959351,-0.564364203791578,0.0113959168496421,0.214644291724098,-0.0888015112477822,1.37243302051028,-0.277331678182111,"PF",0,66,66,"Herbert Jones"
1.03776926780729,0.553440382973112,-0.511374595551895,0.00215004946170684,0.582558396017553,-0.684775208593937,-0.204211177204643,-0.343447420216528,0.775315190604483,"SG",0,81,21,"Immanuel Quickley"
-0.29789388987824,-0.298084903027481,-0.331191659738272,-0.801205518606069,-0.662064496989034,-0.0167257351264078,-0.894154634385685,0.510320302320925,-0.637298127817074,"SF",0,76,46,"Isaac Okoro"
-1.33513347441594,-0.629696710050197,2.43194474603038,1.22001820822334,-0.52980457621084,1.26026635672833,-0.436858109788289,1.73794054408448,-0.899911393789759,"C",0,82,8,"Isaiah Hartenstein"
-1.50622541468953,0.733620244358038,1.7378239325303,0.393765575365228,-0.762590288282098,3.96020687479069,-0.233371112840167,1.96458471899425,-0.0795687579151266,"C",0,63,12,"Isaiah Jackson"
1.81258369064271,-0.201432214602976,-0.701714787789514,-0.486064857365746,-0.50614438967409,-0.837930003027902,-0.992184608527865,-0.53705755621807,0.334453333938159,"SG",0,73,10,"Isaiah Joe"
0.5436173169802,-0.774614170874717,-0.642665061350185,-0.549669506317925,-0.909833442732549,0.205507803239189,-0.940497286183507,0.170841333732483,-0.633732624254117,"PF",0,52,22,"Isaiah Livers"
-0.799574164437462,-0.884754756193047,-0.444684287809005,-0.075280594416272,-1.01852554519412,0.602717941195027,-1.60767988763627,-0.689978743551235,-0.889776525786937,"PF",0,12,0,"Isaiah Mobley"
-0.379543244403318,-0.190252971512768,-0.230217282003995,0.255735242320469,-0.447628930797948,-0.274549385097896,-0.0230859467708403,0.338984549563009,-0.65484073269139,"PF",0,42,2,"Isaiah Roby"
0.348145738742602,0.519866721858033,1.36869599354382,1.6715215959511,-0.616641624120101,0.493320519220752,0.123423992178645,0.766112451973596,0.0898989480188496,"C",0,50,47,"Isaiah Stewart"
-0.00540326268873807,-0.9790961803861,-0.621367881780614,0.0187265079514535,-0.623296533039558,-1.14625198595951,-1.08664598583783,-1.22689107153724,-1.59881155933126,"PF",0,6,1,"Isaiah Todd"
-1.34088364598864,-1.21924766871643,-1.07112607038932,-0.705048512414377,1.49497062245914,-0.161980731175029,1.17782859922113,-0.783353021770405,-1.13702878797598,"PG",0,43,0,"Ish Smith"
0.510121683656165,-0.873809286054466,0.111155439326018,-0.613488435583617,-0.631604387558916,0.285825441642344,-1.06251146691414,1.30899571831354,-0.900251532186392,"SF",0,60,2,"Ish Wainright"
-1.64773179436423,0.567699960447098,2.27548791238863,2.31796376126454,-0.867324793766823,1.87581584318919,0.256881043555187,1.03710596915773,-0.0279928030765641,"C",0,76,76,"Ivica Zubac"
-0.81485959396472,-0.99471693405202,-0.650622590640979,-1.1139941852906,0.100870333204253,0.189542559489262,-0.695498488594331,-1.60482699888622,-1.27710116112988,"SG",0,12,0,"JD Davison"
-0.2275921938123,-0.643014868854587,-0.3703710620029,-0.402600559043876,-0.979367326600721,-0.00741295922581475,-0.519581811385657,-0.874851385675234,-0.953223115767888,"PF",0,69,8,"JT Thor"
0.541000283956595,3.28288979043153,-0.24519275546227,0.783341694999756,3.0943093991263,-0.501488652805423,2.70976840232089,-1.10684619309918,2.6748980371483,"PG",1,61,59,"Ja Morant"
-0.148695549337196,-0.137865299788499,1.14330786950305,0.259828222136506,-0.580562337063676,0.372200049685419,0.211625642315113,1.09650040605322,-0.0982594004918428,"PF",0,57,1,"JaMychal Green"
-1.53970220605144,0.033132411930163,0.497114880774888,0.441618734252933,-1.06832440788238,1.97246902001183,1.0216306491472,1.04729274643454,-0.221663561687424,"C",0,42,7,"JaVale McGee"
0.586661961894462,0.167973775715262,0.323943246853134,1.35772386206512,-0.728757619653937,0.828391480182701,-0.150661684661691,0.791217426908934,0.229919272651516,"PF",0,79,79,"Jabari Smith Jr."
-0.73158525221184,-0.411698103277824,0.660971286131201,-0.356454069047304,-0.783236013493979,-0.264639978797867,-0.566868558054982,0.0946545775171366,-0.713611772136198,"SF",0,56,0,"Jabari Walker"
-0.816688916430708,-0.924552472322994,0.277984670653649,-0.883968457706264,-1.05779987288024,-0.346535624064982,-1.46852769380929,-0.743433483659859,-1.37149944958102,"SF",0,17,0,"Jack White"
0.862378057017542,0.208216215645535,-0.951587464806037,-0.576429037024873,-0.132171609279458,-0.780268623986914,0.367850414326599,-0.250611193864961,0.587041468567433,"SG",0,48,5,"Jaden Hardy"
0.490494184957852,1.44610579288589,-0.225379597250202,-0.433263377866832,1.51164425782924,-0.708459509732619,2.51545536041452,1.35001354203842,0.887930892929649,"SG",0,74,73,"Jaden Ivey"
-0.082770187305489,-0.289289391598928,0.00819946819986421,-0.540408575577443,-0.372725592797975,1.06840935408522,0.0087390900052254,1.54882496926546,0.118486054753873,"SF",0,79,79,"Jaden McDaniels"
-1.23539602099431,-0.470206956766782,0.00206401243821215,-1.31780522661639,-0.609429554281858,0.176390015290464,-1.1327760061238,0.524520837760408,-0.713359536633213,"SG",0,16,2,"Jaden Springer"
0.353076426987987,-0.77168444152808,0.0766450685869832,0.339733065005732,-0.254449305036525,-0.214613162728521,-1.18443448132469,-0.315257989110242,-0.346654302602672,"PF",0,18,3,"Jae Crowder"
-0.770207305799044,0.297870258496023,0.507460964318507,-0.232861205951434,0.518187435827829,-0.583288100378591,0.728944289805672,2.8734032765708,0.0160504160950286,"SF",0,31,7,"Jae'Sean Tate"
0.114745465376203,-1.0116871956236,-0.259727523621065,-0.676361157598088,-0.809703773343089,-0.722242004192298,-0.6207891563763,0.514297487620572,-1.10091489738892,"PF",0,35,0,"Jake LaRavia"
-1.64773179436423,0.478761576550697,2.72059168494911,1.86068877429589,0.262597013675295,1.79901495487269,0.696990282100241,0.962660057981371,0.454796561099592,"C",0,72,71,"Jakob Poeltl"
0.315038041804867,1.75141267493031,-0.715512355386068,-0.52631956702709,1.79406594464726,-0.744383392485422,0.727269202571781,-0.469517464047198,1.97454238463153,"PG",0,68,68,"Jalen Brunson"
-1.64773179436423,0.219776164398259,3.0301292972528,1.82324457155232,-0.736878644783109,1.1621186920162,0.323525667924736,1.15627110565086,-0.180987849645884,"C",0,67,31,"Jalen Duren"
1.45257166868084,1.96721232120889,-0.705312572979012,-0.377700100150695,0.50787898443728,-0.737562095473326,1.42926873057633,-1.08404459065864,1.70912964098452,"SG",0,76,76,"Jalen Green"
-0.51183957438469,-0.283554461999849,-0.0451757030136583,1.21746622975883,-0.32953705841989,0.675538477137397,-0.578349599824603,0.445223174647337,-0.435325054251916,"SF",0,70,6,"Jalen Johnson"
-0.0566479215345545,-0.155863724182568,-0.263803564974065,0.407671733520506,-0.36855286194901,-0.0903159259305135,0.0519386301069555,1.11633153960673,-0.0532791192877367,"SF",0,80,24,"Jalen McDaniels"
0.166002147695491,0.308739859203796,1.63515850151553,1.25568189722942,-0.659300200640641,1.65879805007784,0.21925169768175,1.31423685287674,0.335025122590709,"C",0,68,31,"Jalen Smith"
0.461942699806127,0.213809001358613,0.0150058157937003,-0.725695899754557,0.556693045823961,0.189372628208588,1.10520624939443,0.649143949424751,0.0879917376033499,"SG",0,53,19,"Jalen Suggs"
-0.396130583220924,0.133774941774755,-0.09355081295687,-0.0739644546574353,0.455243745834832,-0.0310468292871229,0.309308875972875,0.280535970520867,0.521402848312986,"SG",0,75,62,"Jalen Williams"
-0.750313516615027,-0.0965782601213042,0.248807066958229,0.117975467499531,-0.756197460696101,-0.753711207468669,-1.22588790171258,-0.281311481571051,-0.366620116774017,"PF",0,18,0,"Jamal Cain"
1.24161361140034,0.499729679028516,-0.581502514531241,-0.319126244362233,1.95208817595104,-0.724974668188066,0.99335992388375,-1.15132422494502,1.44644527917577,"PG",0,65,65,"Jamal Murray"
-0.709741269875073,-0.949847703370024,-0.941505713010754,-1.18566020318716,-0.687651318132848,0.358135632806287,-0.0501706849504992,-0.409402429390639,-1.22542613978597,"PG",0,5,0,"Jamaree Bouyea"
0.754213936168239,-0.485162391802528,-0.95639887974195,-0.283777665361922,-0.339626554999317,-0.785095210822276,0.104974905491077,-0.0569029521567719,-0.450854287824354,"SG",0,34,0,"James Bouknight"
1.25092858496553,1.84607899002489,-0.640573808219823,0.762719617352142,3.96578245683873,-0.177712354379022,2.24668090122961,-0.949942650582847,1.32092271851576,"PG",0,58,58,"James Harden"
-0.812911450735546,-0.815715935519608,-0.815904032665749,-0.23510747647534,-0.422915774692384,0.360031953555095,-0.692489284042555,2.52762204210375,-0.984982941539435,"PF",0,18,1,"James Johnson"
-1.39323131185194,0.442207984466223,1.12495097844079,1.54899879227681,-0.915054605420942,0.690550350412394,0.180134891537111,1.43026800245607,0.449036850702227,"C",0,45,22,"James Wiseman"
0.275901114572867,-1.35022426554712,-0.915267800743301,-1.69429630879573,-0.103895580111958,-1.14625198595951,0.0850256264657491,-1.2492640467343,-0.04155115300706,"PG",0,6,1,"Jared Butler"
-0.548321541935445,-0.947986180926732,0.190210887469719,-0.191557760855269,-1.18016244063432,-0.768406445371073,-1.49679473827855,0.585305332505438,-1.1554217440705,"SG",0,14,0,"Jared Rhoden"
0.537354122409891,1.69657283700761,0.66323761780415,1.11798623720407,-0.864255602415967,5.86280858194922,0.568153407103207,2.12072597346947,1.56151906911744,"C",1,63,63,"Jaren Jackson Jr."
-0.993191242027286,-0.0929811464676644,1.5613970432272,1.76590971841784,0.176404890669174,-0.358917777451307,0.0400788451877212,0.7496298795999,-0.406819071465648,"PF",0,78,65,"Jarred Vanderbilt"
0.630121485694696,-0.716121912000588,-0.603888330604352,-0.477831078634025,-0.476652547183986,1.23634434914692,-0.452217567833195,-0.864449663020553,0.0674787450878886,"PF",0,4,0,"Jarrell Brantley"
-1.60375951016024,0.507941334830737,2.16357134090359,1.72016609142118,-0.53322556931539,1.39263182484341,-0.0801834012008678,-0.18023861532622,0.417996346039027,"C",0,68,68,"Jarrett Allen"
-0.687457816992291,-0.018087802273691,0.602686476694332,0.855978549891089,-0.871127142228815,-0.376188619398267,-0.251492046206243,0.160068603669007,-0.735270994993745,"SF",0,10,1,"Jarrett Culver"
-0.281893981329395,-1.21568556479912,-1.06445492536906,-0.221160534218337,1.04474414261401,-1.14625198595951,0.290036317752094,-1.69829496680996,-0.932885301578456,"PG",0,14,0,"Jason Preston"
-0.818422111769168,0.00136127272543881,0.130015811955995,-0.274977483474704,-0.810968292468181,1.392993241613,-0.584547215823739,0.428514262091122,-0.568818784145964,"SF",0,32,1,"Javonte Green"
-1.15092608252079,0.558307025614217,0.272164992996644,0.0378844549460944,-0.745427871322117,0.447342708904691,-0.19141480993892,0.281545791939861,-0.477260940515457,"C",0,47,2,"Jaxson Hayes"
-0.280821003655009,1.01793298087157,0.419057181096466,0.083388586267948,-0.0553438541136239,1.17501478747646,-0.243194791496543,1.93478925229677,0.243628306765933,"C",0,7,0,"Jay Huff"
-0.893813901095992,-0.38480602392386,-1.31642039419412,0.88552519256298,-1.00151265562642,-1.14625198595951,1.51162703862145,-0.984319008193964,-0.160327112966543,"SG",0,2,0,"Jay Scrubb"
1.34487916170534,1.32702635111654,-0.13665977855948,0.990396782997343,0.335292178603623,-0.357264805522299,1.69070976482269,-0.0100214528629169,2.34211985724727,"SF",1,67,67,"Jaylen Brown"
0.642772548246442,-0.128111367810752,-0.400906129456026,-0.409758876466573,0.130180602481077,-0.84011826323086,-0.016422527583282,-0.159501706807881,0.661182636267495,"SG",0,65,2,"Jaylen Nowell"
-0.152451880419252,-0.434470320340676,0.086788792351885,1.35953473165477,-0.163385322987828,-0.520636899314178,-0.375257210343257,1.33118717952741,-0.604102022774781,"C",0,49,36,"Jaylin Williams"
2.08894051902014,2.97165670141765,-0.25648352969026,2.04986294860927,0.857745204592417,0.207012421995003,1.61765833871059,-0.578206719217873,2.83783924114767,"SF",1,74,74,"Jayson Tatum"
-0.806703848805158,-0.946362123723947,1.20477024560981,-1.54391914148185,-0.149370687779982,-0.134595688292619,-0.682900695429135,0.929499353164631,0.119481324817858,"SG",0,5,4,"Jeenathan Williams"
-1.07506849816857,-0.861347340184379,-0.858633515727434,-1.3445597416641,-0.0305307686100266,-0.687021561970127,-1.39228614318409,-1.8485351727339,-1.24806739810357,"PG",0,25,0,"Jeff Dowtin"
-0.447356945990374,0.348700043600688,-0.255832727664525,-0.599725733618112,-0.519827057773326,-0.234310244342024,-0.420597005199772,0.21278259531147,-0.148911968150949,"PF",0,56,4,"Jeff Green"
0.69851584747763,1.49609887098153,-0.526698412191056,-0.148253053170863,-0.229477776748796,0.438172459947346,0.306932277604986,-0.253539018280215,1.31418447948792,"PF",0,63,63,"Jerami Grant"
0.0303654235440832,-0.52373880266278,1.31492547994797,-0.0215379930256281,-0.662257391198361,-0.214613162728521,-1.18443448132469,0.0879130957198238,-0.373554754287614,"PF",0,43,20,"Jeremiah Robinson-Earl"
-0.406841297624728,0.0401539713839792,0.791510575783619,0.325196410082738,0.155570566866476,-0.151156486164501,0.733391694704955,0.698136314279193,0.167664016600617,"PF",0,56,53,"Jeremy Sochan"
-1.64773179436423,-1.06804054298355,2.03059801649216,0.598623302117544,-1.01375245870524,0.620891492392996,-0.847377643748939,0.790553017202491,-1.16187356811614,"C",0,52,16,"Jericho Sims"
0.770909977298789,-0.981515287458126,-0.764002807238428,-0.587207007950938,0.268654464849975,-0.0379329204303485,-0.202967499622803,0.258186057921486,-0.282666895206388,"PG",0,81,39,"Jevon Carter"
-0.956429266023029,3.46325233491453,0.963166176291165,-0.0424135319754939,1.41591030496893,-0.522586125554132,0.153647810618873,-1.58472794187045,1.92103213114639,"PF",0,64,64,"Jimmy Butler"
-0.709741269875073,0.151187842616978,1.87035439586447,0.236308270107654,-0.490095756785553,0.358135632806287,0.191307569279094,1.05541691858193,-0.0525949448927499,"C",0,69,4,"Jock Landale"
1.09002185449757,-1.03859854640927,-0.878708494287405,-0.661905475481711,-0.401527448808372,-0.560795795653588,-0.854295823091471,0.271323504276967,-0.275654423246043,"SF",0,74,33,"Joe Harris"
0.854892011258962,-0.986054112259371,-0.907207418767306,-0.289668877147666,0.894040192894797,-0.8725830844878,0.126558424527291,-0.496685006909039,-0.567069895644869,"SF",0,46,0,"Joe Ingles"
0.139056556905421,-1.35022426554712,-1.31642039419412,-1.51014060243743,-0.956807157977925,-1.14625198595951,-1.5573863624555,-2.05118713763705,-1.62992934108272,"SF",0,9,0,"Joe Wieskamp"
-0.384367829348992,4.95912460553064,0.400465364996966,2.67064017108754,0.757234781965615,2.29834729034778,2.44130913344038,0.738370310158147,3.6068786840534,"C",1,66,66,"Joel Embiid"
-0.0441208235860381,-1.12205982579107,-0.889111674006439,-1.40680423387359,-0.802382165168508,0.997028806659698,-1.70677206382754,1.23303072746706e-05,-1.31162983259255,"C",0,19,1,"John Butler"
-0.0603324651694642,0.144423075274793,-0.0847763618049391,1.24853307716793,-0.769877927829342,1.10016218147035,-0.395421075310763,1.18143917924723,0.346358558575698,"PF",0,71,71,"John Collins"
-0.136863947413003,-0.963280437007475,-0.0120100741536656,0.595894914710415,-0.408679435095577,-0.273902962858509,-1.04849032478068,-0.318935966777932,-0.918172064696472,"SF",0,72,23,"John Konchar"
0.200814933366786,1.09087727314171,-0.762272493187389,-0.420232486930508,2.31812341102824,-0.0344613798831188,2.3010471128727,-0.271820694453097,0.541953883977069,"PG",0,34,3,"John Wall"
0.22878830761426,-0.389044405830907,-0.596377365289782,-0.178740589553511,-0.529334389753105,-0.0627816605478037,-0.590682302601677,0.646412370667297,-0.388285317072961,"SG",0,28,5,"Johnny Davis"
1.26483392870797,-1.13710184737949,-0.518144660710971,-0.299843012978824,-1.05723436598402,-0.345459038866378,-1.46783645729273,-1.51966981528064,-0.537975261200423,"SG",0,18,0,"Johnny Juzang"
-0.901440249523458,0.561080605690732,2.26309111640923,3.16595512047834,-0.265336423767435,0.649147430243814,1.31160669080127,1.82224328801925,0.929889963111133,"C",0,79,79,"Jonas Valančiūnas"
-0.379543244403318,-0.422247230319636,1.72494831993824,1.0163004467331,-0.905515434230875,0.597153215763719,-0.862619134777852,-1.92441586575933,-0.315047985726756,"PF",0,11,0,"Jonathan Isaac"
-0.318168089047152,0.274939814319378,0.13292440585083,-0.249804208946064,-0.0268243892289891,0.307663052542159,0.631821184431043,1.00236004009113,0.29087584510793,"PF",0,67,16,"Jonathan Kuminga"
1.65018952093511,0.902097674304827,-0.0509688541585901,-0.495023679304066,0.967097715601028,-0.723104684159024,2.09331753318351,-0.592256334023125,1.60926080735843,"SG",0,61,61,"Jordan Clarkson"
-0.37040395167692,-0.403261478525546,0.134610080772955,-0.0216615125074549,0.815921433590557,0.147620039716233,-0.112812482933771,-0.189439331608585,-0.353480586175605,"PG",0,62,7,"Jordan Goodwin"
0.102621345881118,-0.0317604771598133,-0.575650612585781,-0.838673920952091,0.083475696771942,-1.14625198595951,0.562650407635724,-1.08796382379004,-0.87247118754947,"SF",0,9,0,"Jordan Hall"
-0.336719731621101,-0.977158305959618,-0.792409056447853,-1.15835132070583,1.65148378273966,-0.795809512794604,-0.18194496463226,-1.74665701702058,-1.07959939645592,"PG",0,43,0,"Jordan McLaughlin"
0.52322241730287,-0.205525453654717,-0.091389673035054,0.311707272732906,-0.348228935338426,-0.531805172452997,0.187831006339062,-0.945898375429768,0.112512027530856,"SF",0,62,14,"Jordan Nwora"
1.99394901967082,1.69885630972958,-0.868549836961688,-0.711475357770709,1.17711007032554,-0.472327735730551,2.48926191282822,0.452329452701586,1.76687393264497,"PG",0,82,43,"Jordan Poole"
0.714934547441779,-0.366944266723547,-0.60815233991664,-0.709027403271574,0.761392596002578,-0.577850829590145,0.3901774788599,0.350633002412854,0.012862277394342,"PG",0,61,10,"Jose Alvarado"
-0.446359936126678,-0.361253672685911,-0.699035612717191,-1.31882407847566,-0.285028155284296,-0.320476533673728,0.403906101796923,-0.926873188362092,-0.128382070300496,"SG",0,64,2,"Josh Christopher"
-0.23741253140711,-0.243343617417383,0.756557119999333,1.47661806474158,2.08655153116602,-0.270667033505727,1.9532738505143,-0.63928237745367,0.944815243146712,"PF",0,76,76,"Josh Giddey"
-0.188092122217123,-0.282155881314165,-0.191257547431218,-0.747561237261856,-0.357975205532957,-0.895427355313965,-0.0494513613371072,0.894234904812404,-0.225611779529898,"SG",0,60,21,"Josh Green"
-0.673848091585949,-0.0464461011819886,0.700660263294085,1.37533660290158,0.647866086443615,-0.507270571729334,0.069337850425013,0.255747655453666,-0.39466944065509,"SF",0,76,52,"Josh Hart"
-1.13750750478385,-0.533524196351201,-0.398705797515251,0.040976902606863,-0.994297882433055,1.30870384994193,-1.19387743081996,-0.550257687928685,-0.554704156095049,"SF",0,15,0,"Josh Minott"
0.101225935479073,0.889377302866613,1.01377347083982,-0.466577488823648,-0.250013519199947,0.412109145172347,-0.180975287130781,-0.101978183970546,-0.231932562734194,"SG",0,72,26,"Josh Okogie"
0.850566948732248,-0.497115210871265,-0.517564668201429,-0.648006589456202,0.416378107248378,-0.344877217458653,0.247649869343973,-0.217852805957975,0.134270065006721,"SG",0,65,10,"Josh Richardson"
1.03457754207924,0.113784995356646,-0.0509688541585901,0.120306812564059,2.63412358773038,-0.299957382358536,1.95747372478449,-1.00427405272002,1.33435362397704,"PG",1,67,65,"Jrue Holiday"
-1.00137603789412,-0.832923539362117,-0.347614249403916,-0.244392438017948,-0.150579825562109,-0.368763110567197,-0.234805266537914,0.446156031639089,-1.19255912009563,"SF",0,52,9,"Juan Toscano-Anderson"
-0.419731495088758,-0.957099927928578,-0.212049412269726,0.190738477888668,-0.89594215293789,-0.7769675160264,-1.03357977622602,-0.941897243372697,-1.27511807775219,"PF",0,42,10,"Juancho Hernangómez"
1.46152639202387,-0.52074220317166,-0.384342848180543,0.349229588780437,-0.986729545793196,-0.211235307280397,-0.781315764349589,-0.304294617805871,0.416019077637131,"SF",0,17,3,"Julian Champagnie"
1.7827706629167,2.3016867171754,0.467754376310628,2.40535043322002,0.663564698861778,-0.549651708355526,1.59318808768612,0.53368253860523,2.12105006935475,"PF",1,77,77,"Julius Randle"
-0.415627289785875,-1.35022426554712,0.456478797908659,-0.555324526556531,-0.232270718620429,-1.14625198595951,-1.9819967187872,-1.79974155254877,-1.07302589832681,"SF",0,5,0,"Justin Champagnie"
0.658939164898952,-1.15965827375006,-1.1379734150041,-1.13411145750175,-0.631604387558916,0.285825441642344,-0.832640153945876,0.146986507401216,-0.807213393852302,"SF",0,46,2,"Justin Holiday"
-0.288354234604228,-1.15680976228448,-0.954191714110311,-0.799947807806906,-0.714390095718879,0.307231616656312,-1.51538202649274,-1.92378692055893,-1.63621243637215,"SF",0,23,0,"Justin Jackson"
-0.838055544014091,-0.702212535028485,0.746704814983957,0.0573890500571718,0.696391032051858,-0.172308037885909,0.363006803222965,1.56065023486393,-0.768564282766222,"PF",0,29,11,"Justise Winslow"
-0.483822184485905,1.04741913737183,1.35350634709515,2.60670303817949,0.376646238585114,0.801635910187692,1.61367534829505,2.35092303489615,0.602382439238672,"C",0,52,52,"Jusuf Nurkić"
-0.926697007662535,-1.04245417451454,-0.740025387804038,-0.934165927628055,-0.870428484626977,0.0101731350769968,-1.23949786837992,0.789658281895612,-1.55166084015584,"PF",0,35,3,"KZ Okpala"
-1.29900332980585,-0.680385764436998,0.35622022674188,0.0385018065783468,-1.14735890906953,1.79009923098097,-0.0966715357644036,0.473118295426592,-0.967344138211882,"C",0,46,0,"Kai Jones"
0.836645117445842,1.27297895302796,0.460536106764307,1.68499026719538,1.16591016514324,0.112025521192836,2.05747624646869,1.83395124230415,1.57573489129192,"PF",0,29,29,"Karl-Anthony Towns"
0.417208980454329,1.62453326228455,-0.181555154027144,0.971312517198728,0.642307878539225,-0.111303053235245,0.277314747141018,-1.18922182517527,2.06457296442033,"SF",0,52,50,"Kawhi Leonard"
1.30778524637769,-0.749487284109103,-0.0788473259264751,0.018202279550104,-0.766469693456886,-0.0176378731654273,-0.822568870243838,-0.408562715483811,0.182654830052642,"SF",0,80,78,"Keegan Murray"
-0.415271098963976,0.30313758984088,0.0910492264570847,-0.0620672250482925,-0.365406654613402,-0.299107297834684,-0.531540606251852,-1.6893147991972,0.169906282410065,"PF",0,67,42,"Keita Bates-Diop"
1.20413542080387,1.57130833824905,-0.369434086251742,0.299181225468694,0.130015202836627,-0.724042007022854,0.864404135039493,-0.598340797225333,1.82025524445262,"SF",0,63,63,"Keldon Johnson"
0.0432788669921545,0.753305530704603,0.0739957244830806,1.10099279647409,0.781156884572225,0.0160817944822949,1.74946621845011,1.79161408889798,0.314335672093626,"C",0,68,68,"Kelly Olynyk"
1.4952565191475,1.08727404174421,0.169849563955079,0.0744689269509489,-0.862527875374075,-0.294276766985941,-0.204173425469952,0.670530976313992,1.54259773242551,"SF",0,48,40,"Kelly Oubre Jr."
0.591251469621338,0.776976297219448,-0.796788673452913,-0.864514167156448,0.438810391681039,-0.451224942710075,-1.08949313817987,-0.632055112911176,0.205427791097132,"PG",0,9,1,"Kemba Walker"
0.900855042283192,-0.738307774599512,-0.934419218655793,-0.830636126517651,-0.169490635441135,-0.763046240975112,0.232386538287144,-1.10028091817094,0.154019303636767,"SG",0,70,2,"Kendrick Nunn"
-1.19284332383592,-0.767723662665303,-0.498235533555513,-1.00637677866237,0.821486478169017,-0.599075416648112,-0.225385044183651,-1.91828171380033,-1.16002772957169,"PG",0,36,0,"Kennedy Chandler"
-0.820031441613609,0.315331718554236,0.952139937207841,-0.128445194577621,-0.282490367788676,-0.577323532655757,-0.155554544289107,1.09267525209706,0.261329162578414,"PF",0,24,1,"Kenneth Lofton Jr."
-0.230139958441642,-0.841947000419382,1.13134024101147,0.180332063241336,-0.044751277893565,-0.327758922043677,-0.930946982892281,0.380129487675141,-0.312110020713619,"PF",0,53,10,"Kenrich Williams"
0.254213501228987,-0.42241188484929,-0.773415202694165,-0.821990784774613,-0.104457786906295,-0.0568170718082613,-0.443125637037589,-0.651730036687735,-0.164390731469075,"SG",0,76,76,"Kentavious Caldwell-Pope"
-0.372390427418116,0.345707257142949,0.448111871466463,0.466150984368853,-0.548080253860995,-0.202200578496578,-0.315108004556913,-0.581377974132202,0.393620641620968,"SF",0,82,49,"Kenyon Martin Jr."
-0.397105682495544,-0.549489017963051,-0.191701460493863,-1.62320361590977,-0.687668959801662,-0.394074969262656,-1.49905099230591,-0.4094678334158,-1.22544795928004,"SG",0,16,0,"Keon Ellis"
0.261145859621306,-0.128031952140275,-0.629740076494091,-1.2109994039416,0.331304930117974,-0.227791137980742,1.26141144702986,-0.0599280296116384,-0.333129246958492,"SG",0,40,0,"Keon Johnson"
-0.241360954388748,-0.869982380492124,0.0326825521465693,-0.836268251033572,-0.766984384580344,-0.244013925418495,-0.823407700684668,-0.117847052347716,-1.10862145215541,"SF",0,36,4,"Kessler Edwards"
0.373351721373012,2.3998336788744,-0.920750125788482,1.35680477921137,1.12828144675218,1.63217359954351,2.22297367207318,-0.633693445137642,2.79982827300145,"PF",1,47,47,"Kevin Durant"
1.573420489612,-0.319024713923453,-0.634805861942129,-0.423431616307794,0.258097178931628,-0.462488109432878,-0.0795762105436562,0.211783297083222,0.798185093113032,"SG",0,75,75,"Kevin Huerter"
0.60409232800996,-0.389044405830907,-0.416366608063698,0.136370637871703,-1.00360397663757,-0.423938435685039,-0.126910830539841,0.177535488784584,-0.138009434067339,"SF-PF",0,63,5,"Kevin Knox"
1.33257023378784,-0.157605194717355,0.172612484527244,2.49923300972373,0.0129103611153812,-0.548760679507302,0.127955149729024,-0.236235031058435,-0.0807692632972067,"PF",0,62,20,"Kevin Love"
1.10695690707824,1.09187399669372,0.00483803129777552,0.0927029884354806,1.57476991735124,-0.534517477900804,2.20757830375871,0.1024617062302,1.18859256326592,"PG",0,59,59,"Kevin Porter Jr."
-0.592303854787631,-0.102674352648532,0.241195850244697,-0.916168117696658,-0.964897266884155,-0.755620011785065,-0.477132530969062,0.718106675809694,-0.81543912480954,"SG",0,34,0,"Kevon Harris"
-1.64773179436423,-0.0153507193161511,3.02562402633859,2.25029150900082,0.255440032685811,0.437652104083984,-1.13452365674797,1.28769202671989,-0.602089251094354,"C",0,82,70,"Kevon Looney"
-1.53653356315706,-0.923044588016447,-0.24971837588377,-0.879025040822854,-0.915791237611381,0.458846510243809,-0.607895601425083,0.828642439390205,-1.18317012401057,"C",0,20,0,"Khem Birch"
1.00950543833866,0.802494975622456,-0.275998500794545,0.300653763036753,1.88006223284721,-0.624400651082846,1.70368435211815,0.217838403517616,1.21014153167981,"SF",0,33,19,"Khris Middleton"
0.202105919246983,-0.415178771844544,-0.849443631109259,-0.576463268793723,2.33615359668649,-0.209353411570789,1.47690873494239,1.07019790214466,-0.112993478253944,"PG",0,76,56,"Killian Hayes"
-0.225137973271149,-0.179143517317273,-0.829039921976048,-0.715344427605778,-0.322193953599074,-0.657334650341427,-0.726331987757356,-0.165321959526102,-0.254616968932,"PG",0,25,0,"Kira Lewis Jr."
2.9723375504054,-0.289780411229534,-0.689259276208793,-0.0837743299522067,-0.155981699189392,-0.307400314524612,0.441687060366334,-0.752544941515822,1.77556048726169,"SF",0,69,69,"Klay Thompson"
-0.815939250527583,0.247484919172549,-0.817719349394567,0.703209193505349,2.20108694969251,0.104432027823957,0.587664352911823,0.88262613534166,0.657337952918125,"PG",0,22,3,"Kris Dunn"
0.770743836855289,2.253490838216,0.581756915859184,1.78169914060799,0.0224497213943917,2.02735277754415,0.870723257592297,0.781136061633211,2.04911230076868,"C",0,65,65,"Kristaps Porziņģis"
-0.91936982210619,-0.106633611443146,-0.151915681253958,0.710290036052992,1.52885444589766,0.956466184413119,0.268135745233752,-0.154176984366048,-0.300395003432351,"PF",0,69,46,"Kyle Anderson"
1.48434773143752,0.628406196481583,-0.415058335982044,1.46059797682671,0.474735497804804,-0.141580502274291,1.88838316886848,-0.339084570352262,1.48718746839042,"PF",0,64,64,"Kyle Kuzma"
0.894053195634281,0.102831366488298,-0.445605161951365,-0.183468324287249,1.4473766447777,-0.272690800329425,0.682193361820561,0.346826584783116,-0.0840115941807481,"PG",0,55,44,"Kyle Lowry"
1.6544274872189,0.993298662902817,-0.362295621615774,0.00313565674182825,1.28731450395826,0.385161497336525,0.599074823738746,0.140272429378103,2.29092429638202,"PG-SG",1,60,60,"Kyrie Irving"
2.76059387944216,0.46044101002664,-0.119585346184379,0.804934879070745,2.93670399589419,-0.545947463925394,2.64320980151164,0.947404886938864,1.83589533375452,"PG",0,36,36,"LaMelo Ball"
-0.650677812049655,-0.58416675901666,-0.0411489157982259,0.138929239824121,-1.05788305396547,-0.186782379130334,-1.16060895851111,-0.640143707252562,-0.7344709746857,"SF",0,62,25,"Lamar Stevens"
1.43558176772992,-0.323668631494726,-0.872756394677541,-1.07137584554932,0.314454826625292,-0.849543311842791,-0.267443299919373,-0.44999443859138,0.0332708837459432,"SG",0,40,9,"Landry Shamet"
-1.28986626340949,-0.433705597621084,0.972200446916975,0.892141388679278,-0.121175566944633,0.575626199039965,-0.876440855596023,0.386713311259608,-0.512370479589129,"C",0,65,1,"Larry Nance Jr."
1.60861133351375,1.89901831634231,0.711984632068244,1.68552206913649,-0.462478386888222,0.0746287479129669,0.500300949114241,-0.565246240815757,2.30948583637387,"PF",1,66,66,"Lauri Markkanen"
1.20413169421871,1.77242425591127,-0.126970547190951,1.82697604569636,2.07378013994379,0.0469485692484616,2.10392877432517,-1.27358850456724,2.77565465283005,"PF",1,55,54,"LeBron James"
-1.20448895217952,-1.35022426554712,-0.253435782777112,-1.8659779465513,-0.544334404918468,-0.435360962564151,0.300190679402513,-0.108806050873178,-1.9564674002999,"SF",0,14,0,"Leandro Bolmaro"
1.66430628459207,-0.820076684668969,-0.522127700598739,-0.657325513254222,-0.745427871322117,0.0489440351886398,-1.47040188768769,-0.752907612996029,-0.408239959381531,"SG",0,41,0,"Lindy Waters III"
0.817106238293038,0.0127283605041684,-0.913385905741435,-0.94683843286741,-0.699173062090581,-0.337641220904829,-0.597517251139721,-1.06449538620334,0.528942031279873,"SG",0,56,32,"Lonnie Walker IV"
0.87788640799881,0.707866402603575,0.555723290099767,-0.415969145350094,-0.259259002152273,-0.483411818844065,-0.279653685471356,1.39393769927816,0.419267009051644,"SF",0,74,73,"Luguentz Dort"
1.69345412830769,4.12834982568882,-0.534680953194803,2.16796512116545,2.64138294589186,-0.165996347839833,2.54958810449004,-0.157464323440985,3.29955682278549,"PG",1,66,66,"Luka Dončić"
-0.156411149196334,1.24149552519917,1.74913724914783,-0.639779488802611,-0.670199189233239,-0.633714601375987,-0.33658789844386,1.65152558853509,0.683053900802594,"C",0,28,0,"Luka Garza"
0.832064159668372,0.0209994671443097,-1.31642039419412,1.11177827698043,0.0177580089690884,-0.332734149492149,0.455545399374341,0.885602938160976,0.1227034160934,"PF",0,7,4,"Luka Šamanić"
1.00125681269526,-0.83403169622253,-0.902107203977351,-0.345453422555124,-0.38629354578953,-0.869172219577221,-0.558773343455684,-0.820982097055691,0.0293523730129248,"SG",0,59,14,"Luke Kennard"
-1.47052452482056,-0.669463938355209,1.23344955467212,-0.295668195576565,-0.582130230628471,1.83797691680124,-0.887102022886041,-0.0181977233793648,-0.799484135899326,"C",0,69,0,"Luke Kornet"
1.70965621063916,0.60398155904594,0.879493721387646,0.710277704321194,1.99343658420222,-1.14625198595951,0.846729568458142,-0.479174917165018,0.977489425714505,"SG",0,2,0,"Mac McClung"
0.422292004983456,-0.714047168493336,-0.720700873997585,-0.889062169320995,-0.117617278007906,-0.747853312243461,-0.70300964103843,-0.235680910528091,-0.615302902783309,"PG",0,53,2,"Malachi Flynn"
0.517460449652716,-0.568207632094249,-0.783849910198992,-0.492627968859492,-0.144881647053963,-0.879127063125891,0.0761385933338805,-0.391252157034523,0.157409228708406,"SG",0,66,32,"Malaki Branham"
0.627234116324854,0.437404896221434,-0.572444757731387,0.325196410082738,0.939623749452955,-0.399930361113253,0.413934234294119,-0.755247563982201,1.00809610690159,"PG",0,67,0,"Malcolm Brogdon"
-0.247869464183842,-1.35022426554712,-1.31642039419412,-0.320570960279309,-1.47787356352203,-1.14625198595951,-1.9819967187872,-1.88163804061347,-1.23037443193173,"SF",0,5,0,"Malcolm Hill"
2.5632179588088,-0.817654537307229,-0.817719349394567,-0.0242764892329339,-0.492437711768136,-0.896115183202817,-0.215354731994121,-1.22820749499706,0.54899994451731,"SG",0,81,27,"Malik Beasley"
1.34677706578998,0.640804216133427,-0.764002807238428,-0.506622479485667,1.36023448258247,-0.315012686812639,1.39815879762515,-0.461259378729974,1.03741462418298,"SG",0,77,0,"Malik Monk"
-0.527483429252183,-1.20677254268915,-0.241788919303506,-0.711851517506038,-0.911612931654013,1.00978826359634,-0.2516021415618,0.859623411863789,-0.988828005095588,"C",0,22,2,"Mamadi Diakite"
0.533718883722381,-0.626003248888118,0.0399082085121642,-0.58357404930189,-0.763176935389765,-0.757507548263354,0.264392291247592,0.193809554507426,-0.485400675958016,"SF",0,52,11,"MarJon Beauchamp"
0.651837045256118,-0.535738761675458,-0.847073665893261,0.116844511674167,-0.364955679445099,-0.440011897479173,-0.621642872431347,-0.129939547565527,0.0811423938371535,"PF",0,65,65,"Marcus Morris"
0.84240370922709,-0.268341994419065,-0.463300269790098,-0.786083968384359,2.06224299916651,-0.290441706389765,1.17754148981024,0.549696094819522,-0.0714657815747102,"PG",0,61,61,"Marcus Smart"
-1.64773179436423,0.523682177648648,2.04046524317889,2.08320542920682,-1.15626273032141,1.915085241327,-0.212979946703675,1.03282557514009,0.183854618745637,"C",0,43,17,"Mark Williams"
-0.940629118300465,0.0985272831676414,0.0401980403286592,-0.432432057489268,1.91766085172538,-0.238987800837106,1.36750249455177,-0.0999026500666127,0.547862803538557,"PG",0,60,60,"Markelle Fultz"
0.296305828205754,-0.976813036024166,-0.38398251584191,0.0328648667786468,-0.372372312489844,-0.678562912330231,-0.480565310904372,0.911246471107889,-0.663305404580509,"PF",0,35,2,"Markieff Morris"
-0.499224512010384,-0.614872385108956,-0.857362194395172,-2.01161960863656,-1.47787356352203,-1.14625198595951,-1.9819967187872,0.845965550067047,-1.48475840295048,"C",0,7,0,"Marko Simonovic"
-0.762085326847688,0.492690330832371,1.60401994962013,0.973780436017066,-0.848331170383155,0.718070364357175,-0.100974525737869,-0.0542358825032202,0.565669482523203,"C",0,42,25,"Marvin Bagley III"
-1.64773179436423,1.29811523336926,2.27946184870908,2.06164875395231,0.547597158159716,0.346391263733003,0.413934234294119,1.02111050944839,0.124564935046715,"C",0,79,60,"Mason Plumlee"
-0.185627797385334,-0.99360039381749,-0.314587086733297,-0.915475682266802,-0.861989355035806,0.528735350552803,-1.33672735416508,0.140280404162305,-1.01302748115241,"SF-SG",0,71,28,"Matisse Thybulle"
0.943563270667953,-0.819305225678606,-1.06784272835358,-1.40920507783124,-0.822952553780217,-1.14625198595951,-1.34157260311187,-0.749144328921316,-0.647553542862133,"SF",0,34,0,"Matt Ryan"
-0.653620685959875,-1.0319757510791,-1.31642039419412,-1.58392251815476,0.563536969011102,-1.14625198595951,-0.830329469330622,-1.01035046012109,-1.42590893820688,"PG",0,32,0,"Matthew Dellavedova"
-0.373837200573587,-0.915219838767301,-0.909080001707884,-0.259160226462169,-0.941269077649094,-0.329002257107489,-1.19490686774989,-1.21702912964209,-1.10549973664056,"SG",0,41,3,"Max Christie"
1.75129074283996,-0.666249405789931,-0.617717566430024,-0.512798567400264,-0.189275845199303,-0.678981281432263,-0.631917240374625,-0.154176984366048,0.124607121823579,"SF",0,80,33,"Max Strus"
-0.0575281833766624,-0.671453810722381,-0.299453737470625,-0.202566152918061,-0.540092248354199,0.894094956768267,-0.835717700917602,0.468765882150271,-0.89932070624591,"PF",0,37,5,"Maxi Kleber"
-0.794065450040843,-0.585019529195951,-0.702241821454382,-0.607061130841879,0.787550522445299,-0.324764958898176,-0.135931575937396,-0.939400082686561,-0.708432285629229,"PG",0,27,1,"McKinley Wright IV"
0.0334920423187886,-0.273791291427383,1.30432084024163,0.543682464672037,-1.37164590658895,-1.14625198595951,-0.164161950632752,1.38684943742542,-0.521069750181932,"C",0,9,2,"Meyers Leonard"
-0.812911450735546,-0.68208885301273,1.93693595574028,-0.381134235707218,-1.47787356352203,-1.14625198595951,-1.01486614272872,-0.731635273140429,-1.55039125779711,"PF",0,4,0,"Mfiondu Kabengele"
-0.47468038206837,-1.35022426554712,-0.191136029961256,0.839407894205359,-0.588446466870277,-1.14625198595951,-0.894822553204558,-0.774375807243495,-0.540476429003651,"PF",0,7,0,"Micah Potter"
-0.910613419094412,0.773563944242681,-0.653511643787842,-0.990114778578544,0.617984244369388,0.183746233015224,0.864482863471568,0.402118296179137,-0.551464449007587,"PG",0,4,0,"Michael Carter-Williams"
1.84436727397293,-0.186342815689126,-0.169194497032641,0.732869207271168,-0.87336041031466,0.00459147405767384,-0.35638357087294,-0.500253464659704,1.2664098113772,"SF",0,62,62,"Michael Porter Jr."
0.533866890155393,0.916292306133105,-0.32926791669029,-0.321055408783087,0.238670643291166,0.240119404208989,-0.0745558884603774,-0.896351957250125,1.24556067561765,"SF-SG",0,83,83,"Mikal Bridges"
0.762759427096955,0.133774941774755,-0.760570584540823,-0.852382449150681,2.44694036759645,-0.700169923290556,0.166102276300372,-0.298596364816204,0.0963521888953581,"PG",0,67,66,"Mike Conley"
0.840197253420957,-0.577889672248513,-0.231593239581536,0.463524219458369,-0.715696110889059,0.304745286939069,-1.05036371681156,0.428514262091122,-0.286016857944831,"C",0,63,9,"Mike Muscala"
0.19291951863044,-0.564551462226516,-0.896015781711056,-1.5435582337478,-0.259481743749437,-0.724521705955997,-0.898885525893416,-0.875213321640421,-0.924181413800179,"PG",0,64,2,"Miles McBride"
-1.64773179436423,0.00343227403547825,4.11602664883563,1.17213991869541,-0.905364574710084,3.21340981514122,-0.893426111731909,0.905953234634066,-0.650236654667807,"C",0,59,58,"Mitchell Robinson"
0.180838520411826,-0.132619165649728,0.788511985631249,1.20052382197152,-0.646002102963412,2.02110285116651,-0.626233869631229,1.45836586178417,-0.190769631725116,"C",0,49,7,"Mo Bamba"
0.000428978259468063,-0.582759706329746,-0.837315208859046,-0.182782089801072,1.86718374213591,-0.665636031797887,-0.439065892740504,-1.46714178285696,-0.0587169452851641,"PG",0,62,61,"Monte Morris"
-1.56008173184068,0.670077228705847,1.20600728070425,-0.317018447124756,-0.813296207282435,0.540669134054543,-0.357329929446532,0.219821257779735,-0.1570189807621,"C",0,57,7,"Montrezl Harrell"
0.184419289995868,1.23861277696382,0.501729891285191,0.637989487931846,-0.28031543133615,-0.538290824881187,0.360102851593947,1.39672383552723,0.562044243634228,"C",0,57,18,"Moritz Wagner"
-1.64773179436423,1.47683280692716,2.91921296156683,1.27331475939808,-1.33837967210226,0.978242831743355,-0.617935240749839,0.453422534850939,-0.224461607787875,"C",0,36,1,"Moses Brown"
0.091088197087825,-0.501988136142077,-0.522127700598739,-0.889062169320995,-0.640792772436412,-0.747853312243461,-0.70300964103843,-1.01152096423001,-0.54628192164938,"SG",0,63,3,"Moses Moody"
-1.54266734720771,-0.408453360311168,2.21109616935667,-0.956275381183792,-1.21233485761297,0.875827973462233,-0.683692126479025,-1.04199650339963,-1.02046462346019,"C",0,22,1,"Moussa Diabaté"
0.247063666798257,1.37942160639788,0.274013514393861,1.76405646050136,-0.639818722337502,4.09593773407802,0.505783945838963,1.83924449069192,1.35099545979295,"C",0,62,62,"Myles Turner"
-0.0839091496444376,0.294710774613518,-0.512772218852815,0.0651792805585593,0.286585285090338,-0.608797099329859,0.261025836982753,-0.722447147902614,-0.0844893942056556,"SF",0,77,21,"Naji Marshall"
0.279905904777278,-0.58416675901666,-0.519375720196685,-0.326149865088526,-0.721890646320224,0.13304082314606,-0.544568138304054,-0.847751200951263,-0.374318362906196,"SF",0,54,4,"Nassir Little"
-0.960169969573495,0.850893169864978,0.332489795867722,-0.83626248398603,-1.04343955152128,-0.0435121721276737,0.142091635505711,0.597989584977053,-0.43561668193044,"C",0,38,0,"Nathan Knight"
0.455691628321354,0.249045688314748,0.417601828284882,1.21586036704911,-0.56415705482393,1.38391548761401,0.860929477652703,1.99880054245255,0.947793507166202,"C",0,68,11,"Naz Reid"
-1.64773179436423,-0.659733483138039,1.91647528455501,-0.0157913326444302,-1.13716856974764,1.44822002378981,-1.14908827983609,2.55550122348692,-0.854339687402226,"C",0,5,0,"Neemias Queta"
-1.55815021669138,-0.547237853105083,-0.0274136087036511,0.35301202607476,-0.798651138077725,1.43989086989807,0.231961986113243,1.9769949553116,-1.41871733355087,"C",0,17,4,"Nerlens Noel"
-1.64773179436423,0.567516729189801,1.37725346769908,2.17386808096615,-0.354189596982557,4.48326438887636,-0.102451845948908,0.753774374717149,0.254948500199706,"C",0,76,76,"Nic Claxton"
-1.64773179436423,0.980785776796545,2.26955863809011,1.45051015258918,-0.984940473321702,2.29463099058983,-0.174414771787762,1.53424058408668,0.0191135579039261,"C",0,65,9,"Nick Richards"
0.387846517460015,-0.38480602392386,-0.774006816887826,-0.696978456579321,0.237025704902152,0.304745286939069,0.114177535657995,0.193042050376939,-0.254594421700247,"SG",0,59,3,"Nickeil Alexander-Walker"
0.743224608570562,-0.902170119314322,-0.197593148334495,0.168670383554403,-0.298775727668839,0.53728090233967,-0.90106098724188,0.121603578371873,-0.720153233313873,"PF",0,78,19,"Nicolas Batum"
-0.703340549830221,1.94793764129126,1.15431228420176,3.36711154011462,3.83827863504158,0.299553489951695,2.79211518286355,0.0128113210578059,2.18061508828306,"C",1,69,69,"Nikola Jokić"
0.201618098948249,-0.0117006045278576,-0.159435344000392,-0.591717325729074,-0.766608708817825,-0.759374190386851,-0.243194791496543,-0.0742889868013393,-0.359597007772864,"PF",1,15,8,"Nikola Jović"
0.163004800846954,-0.301283318509527,0.648047049156513,3.21057410403329,0.265530387454274,0.305814769280575,0.282208213508009,-0.376637152924812,0.959743112359716,"C",0,82,82,"Nikola Vučević"
-1.41312151190506,-1.20001092774145,0.934148334271607,-0.14550473735053,-1.03316001519615,0.546997121876887,-0.170039776149466,2.15667027057626,-1.66497960302659,"C",0,23,1,"Noah Vonleh"
0.82731354870568,1.68710030701453,-0.821782755814569,-0.475586746883772,-0.304985716017303,-0.401955907110633,0.72602202464695,0.0429839960385706,1.45069379321546,"SG",0,60,8,"Norman Powell"
0.620831335544917,-0.0297813273705288,0.0684255452256093,-0.259322725203293,-0.435411559412342,0.242960806791998,0.566470184764547,0.525741274947269,0.6853214336564,"SF",0,67,67,"OG Anunoby"
1.05855227150433,-0.694590750217752,-0.614776267585664,0.176992666767656,-0.553571940679118,-0.44239535548706,-0.626233869631229,-1.05456160765961,0.0531110758068284,"PF",0,67,5,"Obi Toppin"
0.732961518274537,-0.412205469742448,-0.291660473589297,-1.16899989056286,-0.629331082967213,-0.265116577517459,-0.661924451406041,-0.0978594227422523,-0.192851735490247,"SG",0,59,22,"Ochai Agbaji"
-0.891181067856873,-0.489077886251334,1.30432084024163,0.190786893372833,-1.05296293578972,1.28052209375901,-0.943233994127515,1.64939891313438,-0.801355703295553,"C",0,9,1,"Olivier Sarr"
-0.824036198954653,-0.427299613676005,0.905888950630898,0.16989180838658,-1.21764868680637,-0.155444438057349,-0.709673155575742,2.44944336435329,-0.314597456675773,"C",0,9,0,"Omer Yurtseven"
-1.53535491685939,0.448557280304134,2.32185840316312,1.25877093851321,-0.767823412535176,2.36832346595712,-0.246164331114375,2.10127668622003,0.115665749290742,"C",0,80,18,"Onyeka Okongwu"
-1.48768613146891,-0.325503909182943,1.56223991213856,0.520036336789728,-0.668878335131078,0.393874747162975,-0.745921952657943,0.90987783131289,-0.968739206745776,"C",0,31,1,"Orlando Robinson"
0.0366696259181948,0.626966110072056,0.366717134870786,0.0776016191936092,-0.857041045492297,-0.470873990247761,-0.897907104414075,-0.708584072983436,-0.418435674601783,"PF",0,65,2,"Oshae Brissett"
0.271018673253698,-0.760537759119307,-0.396111242590461,0.0833375829490903,-0.314010742353758,-0.407683046093289,-0.322267069305142,-0.702182855176389,-0.635347463192565,"PF",0,39,1,"Ousmane Dieng"
-0.654528911764837,-1.14940883771285,0.313299507522582,-0.304434606199813,-0.949408335923652,-0.64321847229545,-1.01305770453318,0.57938103821942,-1.44023565811929,"PF",0,75,75,"P.J. Tucker"
0.946632973671256,0.00116889836405298,-0.261877444164505,0.120306812564059,-0.144252865818541,1.18105817394316,0.0556604071981578,0.231779103370671,0.674576383861678,"PF",0,73,73,"P.J. Washington"
-0.170255653748511,-1.35022426554712,-0.962092190388449,-0.625465469040345,-0.357626573197758,-0.435360962564151,-0.612684279873373,-1.49319251135716,-1.34067222889051,"SF",0,16,0,"PJ Dozier"
0.065652144609288,2.70876469076288,-0.0837096176810713,1.13715588896855,0.524930590162707,-0.11575373596877,1.72321947849031,-0.395751543334079,1.36780876066686,"PF",0,72,72,"Paolo Banchero"
-0.0563297309506719,2.06316782589083,0.401004196446902,1.06093413202977,1.43814294400264,-0.189118558899489,0.967799329813879,0.637317222908651,1.81004760563617,"PF",1,71,71,"Pascal Siakam"
1.27729396679789,-0.855522665004532,-0.257583515575623,0.655238981004266,-0.57122445854571,-0.615164124363065,-1.12951582848282,-1.44293726225496,-0.454617248969387,"SF",0,61,33,"Pat Connaughton"
1.54482670910246,-1.04739590480142,-1.31642039419412,-0.128445194577621,-0.880181965655351,-0.577323532655757,-0.520842979188728,-1.49249263473876,-0.280776056338848,"SF",0,31,0,"Patrick Baldwin Jr."
0.159688318768919,-0.707317405604786,-0.473590567289896,-0.171789484942688,0.36203680618583,0.303155214388604,-0.586078608154255,1.05162338034452,-0.905414718344566,"SG-PG",0,67,67,"Patrick Beverley"
0.00738615991948468,-0.539851504338219,-0.148978486481973,-0.235859501408145,-0.73967475832038,0.961769806415122,-0.177350395102198,-0.602272073796202,-0.133282720881219,"PF",0,82,65,"Patrick Williams"
1.00990802502172,-0.549471141192934,-0.941505713010754,-1.2950423934406,-0.0949846340909634,-0.770155081268062,-0.0501706849504992,-1.38594866137235,-0.182909522103101,"PG",0,40,2,"Patty Mills"
1.55279025034104,1.50785684699237,-0.508474154574786,0.843809330836539,1.2361865702844,-0.335758038593091,2.05101744059677,0.343782106723255,1.97455612749363,"SF",1,56,56,"Paul George"
-1.55505981781508,-0.51953630585434,2.23951330556497,0.573509652115187,-1.00943733427625,1.97500135320795,0.0220474462898258,1.87094471771721,-0.58055139493374,"C",0,69,2,"Paul Reed"
0.950244672285866,-1.03833678732247,-0.342910241419856,-0.802558618694581,-0.144135192263562,-1.14625198595951,0.0244888649703154,-1.31046722476305,-0.307873389179988,"PG",0,48,3,"Payton Pritchard"
-0.980542407121208,-0.0686852329551078,-0.516393880461359,-0.256599678645623,-0.775270656133722,1.52891217437935,-0.951420880765614,-1.25519934297278,-0.673362451584033,"SG",0,23,2,"Peyton Watson"
-0.435010300606264,0.435647885673845,1.3010925057343,1.19943712683913,-0.788244354221689,0.312507313246289,0.078560063101909,0.259283097161055,0.122277447633194,"C",0,55,12,"Precious Achiuwa"
1.01988461174017,-0.511212580349713,-0.530765517808603,-0.642221007674646,-0.235907074188926,-0.245529365985773,-0.53619297045005,0.315258428282908,0.00137277323285002,"SG",0,71,66,"Quentin Grimes"
-0.667638533115523,0.966779514348695,-0.954811342656591,-1.54098040278855,0.141753523323031,-0.783502667734866,-1.05036371681156,-0.748846796479781,-0.254594421700247,"PG",0,9,0,"Quenton Jackson"
0.157899870140261,0.129567430290496,-0.623578099872512,-0.763445028687509,-0.473896253653753,-0.451224942710075,0.0261363375792899,-0.857637280613223,-0.276214860895021,"SG",0,47,3,"R.J. Hampton"
0.617634869815066,1.6053906212459,-0.496375046397592,0.232643420126404,0.0345127072954561,-0.734936382047409,0.92300329594903,-0.00156431629058337,1.28889513180804,"SG",0,73,73,"RJ Barrett"
-0.793864377921532,-0.499796518580328,-0.861366145278584,-1.21737740982844,0.440397490665096,-0.689762808358805,-0.516520556836948,-0.375823529247593,-0.897884136615828,"PG",0,48,1,"Raul Neto"
0.716403826684236,-1.05342442408274,-0.871740546471482,-0.20370078707298,-0.657763189855482,-0.700169923290556,-1.26596372042468,-0.298596364816204,-0.811710583496858,"SF",0,78,55,"Reggie Bullock"
0.623335129646178,-0.58855790222899,-0.797708890624045,-0.917465015007497,0.845406779898878,-0.886078404193131,0.857820482961643,-0.467961908769936,0.0959903309362553,"PG",0,68,40,"Reggie Jackson"
-1.42855759523192,-0.64857368852526,0.52326143602193,-0.4392606544378,-1.20090435661447,0.435590520053125,-0.96635271307153,0.768257604236223,-0.78687129461662,"C",0,42,1,"Richaun Holmes"
0.0723625119637778,-0.381062249886835,-0.82140494790726,-0.546419845692531,1.56526938305801,-0.484150139088419,-0.0689940258747544,-0.11560461360477,-0.711600916164587,"PG",0,33,2,"Ricky Rubio"
0.357854310711496,-0.616446213482635,-0.285750056175841,0.527054572689327,-0.391681598200604,1.26622886491676,-0.43302979838713,0.687864003439937,-0.411559676929148,"PF",0,48,0,"Robert Covington"
-1.64773179436423,-0.497115210871265,2.67785823576933,1.91574065038946,-0.495668993492927,2.59349693371117,-0.266883958686293,-0.0444534548814278,-0.351652372728709,"C",0,35,20,"Robert Williams"
-1.53653356315706,-0.638258136329335,0.283632633271404,-1.03463138136716,-0.775270656133722,-0.0761863218239634,0.422680236596496,0.828642439390205,-0.812400907700363,"C",0,37,2,"Robin Lopez"
0.483530800374246,-0.713421123138061,-0.294181961677449,-0.589453561921607,-0.669894185137108,-1.14625198595951,-1.32358464670889,-0.676400424496389,-0.515042269730101,"SG",0,32,12,"Rodney McGruder"
-0.766340030121431,-0.302189342856099,0.646350237399141,-1.13419673054684,-0.523179421796451,-0.237501280129369,-0.620552616965792,-0.19291197078644,-0.392254965633668,"SG",0,43,21,"Romeo Langford"
-0.231280905321631,-1.16884277309875,-0.297340994879589,-1.48663230222425,-0.761889143978556,-0.464723401896467,-1.9819967187872,-2.01183496692441,-0.903992272227362,"PF",0,9,0,"Ron Harper Jr."
0.820193131828065,-0.833090120501923,-0.56314715093044,0.420538762065885,0.620162930004754,0.149145528181887,0.0973233071569298,1.00552649282941,-0.557020817999767,"SF",0,76,53,"Royce O'Neale"
0.117518635844264,-0.465694505905405,-0.212049412269726,0.190738477888668,-0.507987879215136,-0.0383985761601778,-0.322267069305142,-0.462468466980082,-0.539381871008619,"PF",0,56,0,"Rudy Gay"
-1.64773179436423,1.53110266986385,2.31774087531754,3.05402050499689,-0.781522385596455,1.94700212724591,0.429655911743591,0.96366689704053,0.361849801506052,"C",0,70,70,"Rudy Gobert"
-0.251461575864414,0.00863511545514705,-0.244889493739048,0.612266937357271,-0.842668378021574,-0.0713422127002047,-0.601675146005692,-1.42020554188479,0.404348161484648,"PF",0,63,9,"Rui Hachimura"
0.213318136328461,1.27733985772322,0.0568621839237054,0.792231065941839,3.04481560125357,0.00175882116285987,3.17767754222883,-0.060114403568913,0.959538394269894,"PG",0,73,24,"Russell Westbrook"
-0.360491083656562,-1.35022426554712,-1.31642039419412,-1.07860679071956,0.148805307235906,-1.14625198595951,-0.656436890710128,-0.323698673604517,-1.62156931586002,"PG",0,20,4,"Ryan Arcidiacono"
-0.502819809241345,-0.433911854938347,-0.286772784195027,-0.677338237818057,-0.573611777252731,-0.457655711519475,3.76560001467578,0.236878212329284,-1.06946816831841,"PG",0,12,0,"Ryan Rollins"
-0.739018018380597,0.880085323688075,-0.408388471922361,-0.901896397805083,1.10588357295777,-1.14625198595951,0.357415146150463,-0.264326381599497,-0.309077881779654,"PG",0,25,1,"Saben Lee"
1.02835851461133,0.617028429934485,0.228604936797991,0.078363332481462,-0.538495695972589,-0.669360515142799,-0.604120079097107,-0.862516787692834,0.647588838758349,"SF",0,77,37,"Saddiq Bey"
1.37312868252719,-1.16601866843329,-0.626456103191755,-0.165846668354637,-0.659849752414548,-0.1080420389341,-1.09320051616253,-0.643299684428753,-0.284217658429095,"SF",0,80,8,"Sam Hauser"
1.52472727316855,-0.898841505649099,-1.31642039419412,-0.0597761775505719,-0.364257246557129,-1.14625198595951,-1.9819967187872,-1.68761029121164,-0.366334516405761,"SG",0,5,0,"Sam Merrill"
0.0636692399278063,-0.111545318866225,1.53873127284617,0.531882212636259,-0.161454845357191,-0.0721939152581197,-0.143026215041089,-0.550219019146184,-0.311009989403819,"C",0,43,7,"Sandro Mamukelashvili"
0.399825345621201,0.0731300961265008,0.226863832239641,0.749516825938255,-0.516807156427651,0.542639670783247,-0.53616151420433,0.132618981612009,-0.00833239582759348,"PF",0,77,20,"Santi Aldama"
-0.431594454743961,0.368182813686344,0.996697176185937,0.243896931882099,1.06583833595956,0.467947356742567,0.609051189291401,-0.457512633722796,0.471402058072984,"SF",0,77,76,"Scottie Barnes"
-0.939506349842933,1.37049812117836,-0.297340994879589,-1.6848447530986,-0.940885248864427,0.216805182166577,-0.669241968874091,-1.12703086131682,-0.844956217834804,"PG",0,6,0,"Scotty Pippen Jr."
-0.667747312222002,-0.437566506522941,0.606468846650438,-0.0354532923981203,-1.14012786434527,0.568372648135852,-0.0554241340696141,0.556521239581114,-0.680394590233844,"C",0,16,0,"Serge Ibaka"
0.719812564079773,-0.632184515179277,-1.01758655789837,-1.05888601687879,-0.218146180371634,-0.846475832907411,-0.442193094865937,-0.225532143482594,0.186225580083874,"SG",0,61,7,"Seth Curry"
0.374116189091569,-0.388578204851516,-0.208124592180656,-0.501069426877947,-0.601874261702735,-0.312409031402216,-0.197395122262242,-0.271820694453097,0.180803969129604,"SG",0,80,15,"Shaedon Sharpe"
-0.61444792168925,4.41873656223196,-0.424333008941743,0.0340154443730149,1.39478752016356,0.84241560605378,1.59318808768612,0.275500961009164,3.20631556301116,"PG",1,68,68,"Shai Gilgeous-Alexander"
-0.491791364844803,-0.181627818780191,-0.586900561016262,-0.576769863363822,0.982346127252044,-0.560795795653588,0.27340507260426,-0.29873406881979,-0.0727985237073488,"SG",0,76,11,"Shake Milton"
1.17926082868263,-0.567507947886212,-0.217010989093667,-1.10337994856672,-0.705450918847873,-0.411001194247215,-0.0936846865542483,-0.475391965032517,-0.196562013939517,"SF",0,52,6,"Simone Fontecchio"
0.968726498575674,0.91944651678439,-0.911595356902334,-0.448798758822617,1.98851739002584,-0.537099619667233,0.364691830953896,-0.175678488817953,0.84008897604132,"SG-PG",0,79,79,"Spencer Dinwiddie"
-0.692821431875105,-0.127428134438345,-0.0833083481518038,0.187465386711951,0.564259297671849,-0.439394594618508,0.514165246296971,0.331709223587118,-0.427112226412011,"SF",0,30,0,"Stanley Johnson"
3.1429749350044,1.34041941511868,-0.610951254281714,0.896060210472759,1.86775206943053,-0.337459179968298,2.17237673949875,-0.582721094656981,2.94662922106475,"PG",1,56,56,"Stephen Curry"
-1.64773179436423,0.648030626217666,4.84035292123959,2.29920017156628,-0.0147950365581769,1.51798578137982,0.972694928934301,0.277065181305203,-0.398471982095512,"C",0,42,42,"Steven Adams"
0.731518785482003,-0.170851252691503,-0.396111242590461,-0.990671366446689,0.17093209979969,-0.7769675160264,-0.0851628336648504,-1.66104040796162,0.00442315136705892,"SF",0,32,8,"Svi Mykhailiuk"
-1.15607539765938,-0.641943144345045,-0.432102926325907,-0.129468907841121,2.63826167769811,-0.850549986613913,1.6253354128674,-0.651746059173036,0.0256843798336998,"PG",0,75,6,"T.J. McConnell"
-0.511058410503708,-0.622449245651053,-0.294181961677449,0.00702710059603944,-0.580118698649894,-0.120790115240915,-0.884643265323357,-0.0107402492865407,0.0179292668383938,"PF-SF",0,42,0,"T.J. Warren"
-1.15254629869925,-0.208840029163368,0.346154420848669,-0.616419619179223,-0.60180517422624,-0.193213451916943,-0.452217567833195,1.91946573208409,-0.799349409329977,"C",0,49,2,"Taj Gibson"
0.263922614134139,0.702887002557659,-0.429092395160963,-0.0358561939730713,1.48336464628659,0.040582710507374,1.63761605437822,-0.064788213692128,0.547306826874583,"SG",0,65,20,"Talen Horton-Tucker"
-0.407331964916076,0.0112403482085939,2.08326626633778,0.778771788523214,-0.656809305029674,0.558951483148587,0.207702540579352,0.904084121575155,0.0867172022696073,"PF",0,82,5,"Tari Eason"
0.438423245274002,-0.311348618099332,-0.899502455704818,-0.495476676846693,-0.306201372376541,-0.309786763092033,0.345281233506924,0.823777880854005,-0.00491913965481661,"PF",0,54,4,"Taurean Prince"
-0.29920926430612,-0.270955338036364,0.0310902714937525,-0.313785970035603,0.155241783747725,-0.335196112440291,-0.246164331114375,-0.18014691217434,-0.14193994161531,"SG",0,81,36,"Terance Mann"
1.48310686145459,-0.611696920304927,-0.723653975897989,-0.0888971441722917,-0.436709547710084,-0.353404523802553,0.0542382902628393,0.778260517127033,0.0979553428160986,"SG",0,64,5,"Terence Davis"
0.805694161436982,-0.967090389837175,-0.885898145595148,-0.521000605388277,-0.343587967849767,-0.570412225696172,-0.687955943618926,-0.535570757580305,-0.132725180219723,"SG",0,63,9,"Terrence Ross"
1.67243139619435,0.509844231770678,-0.520179137017498,-0.362964586740528,1.19686709003081,-0.547187944375688,0.710465143839512,-0.876187186339449,1.44700305749339,"SG",0,63,63,"Terry Rozier"
-0.999554264487465,-0.796881594556205,1.01526781648032,-1.37244849239677,-1.06832440788238,-0.1066783173024,-0.980787596142398,-0.639758742707891,-0.897046030042962,"PF",0,31,2,"Terry Taylor"
-1.18930055819447,-0.861026567009052,1.06563331685686,-0.354951303104509,-0.126133935342263,-0.778626590103363,-0.0936846865542483,0.479157755068568,-0.801613532091236,"PF",0,54,9,"Thaddeus Young"
-1.37284127878429,-0.294203495010714,0.00206401243821215,-0.740799099153252,-0.783118356129889,-0.484930985334525,-0.708165649792095,-0.763333149938323,-1.40078688997034,"PF",0,37,0,"Thanasis Antetokounmpo"
0.131439904950496,-0.923044588016447,-0.516393880461359,-0.256599678645623,0.208373414209906,-1.14625198595951,-0.951420880765614,-0.213278451791289,-1.09047781993302,"SG",0,40,1,"Theo Pinson"
-0.987971920720644,0.423951500629987,1.05693296710381,1.69045625915089,-1.06100613643454,0.440972872961821,-0.759076934377154,0.164041911402085,0.49202221462204,"C",0,59,26,"Thomas Bryant"
-0.252921424089733,0.0299466076861666,-0.860279522766525,-0.0614802471216916,1.32628514696669,-0.231093532811207,0.564227598305623,-0.566767235467933,-0.432337807902618,"PG",0,44,7,"Théo Maledon"
1.92164943741483,0.0150550051890017,-0.982910508402141,-0.20370078707298,-0.423445940236466,-0.700169923290556,-0.836343921407162,-0.877728700153262,0.579364301869943,"SF",0,71,45,"Tim Hardaway Jr."
0.274255165355623,-0.3993170751964,-0.373607494287284,0.654573956754834,-0.0978712068771803,-0.0953787809503622,-0.362650063411032,-0.610419177531798,0.473490521249474,"SF",0,74,74,"Tobias Harris"
-0.86985031718186,-0.603145928570793,-0.850041718074065,-0.102409885642212,-1.23212244790689,-0.210553357411744,-1.38121838616012,-2.12425717127955,-0.905937027363717,"C",0,12,0,"Tony Bradley"
0.06779333771934,-0.938326148574211,0.997800753495637,0.421234516696773,-0.461670675995312,0.917320113924137,-0.491433370130281,0.512109940122022,-0.549321905310513,"PF",0,79,60,"Torrey Craig"
0.994221736534972,3.3753952023449,-0.511857761018446,-0.98845097020344,3.92751422287635,-0.944477068121752,3.32965149277391,-1.50534117612752,2.37654219164222,"PG",0,73,73,"Trae Young"
-0.552882649367178,0.173680776315529,-0.403145159792646,-0.414331570953844,2.49232695910121,-0.9172132165883,0.370923775425454,-1.25757141510939,0.35657796445423,"PG",0,68,65,"Tre Jones"
0.916686725956673,-0.658892130120683,-0.669053411132377,-0.485209943119757,0.0571670569135086,-0.496843651880737,-0.105669235691761,-0.177402859282904,-0.0370179496994194,"PG",0,67,5,"Tre Mann"
-1.00693263047406,-0.0373190644680981,-0.240685582986061,0.589985491647779,0.222652490711864,-0.529608020096296,0.195589923783334,0.463650861323982,-0.226409980365394,"PF",0,62,12,"Trendon Watford"
-1.56054967822464,-1.2385845153621,-0.898260238960119,-0.571493959816383,0.395042811708784,-0.7267732406823,-0.0966715357644036,-1.4329614149546,-1.36704574518746,"SG",0,23,3,"Trent Forrest"
0.551392330275342,-0.294203495010714,-1.31642039419412,-2.27948210572162,-0.435740752433822,-1.14625198595951,-1.1327760061238,-2.4804718002033,-1.17164443885796,"PG",0,5,0,"Trevor Hudgins"
0.580236201032186,0.165427189303791,0.186329566997114,0.740817831928331,-0.686022438325457,0.193737883250341,-0.046188624920845,-0.512092382618576,0.00261958152792888,"PF",0,74,0,"Trey Lyles"
1.22506017796837,0.05118931100277,-0.550917361705399,-0.492784437335153,-0.671133316279468,-0.0492278381027225,-0.855021313171503,-0.490586951373904,0.553012871133994,"SF",0,79,65,"Trey Murphy III"
0.347224240330784,-1.00500656214696,-0.281976743404189,0.134927740487309,-0.592111621266282,-0.627399198024089,-0.982586748618022,-0.644609298372304,-0.607252595418428,"SF",0,76,45,"Troy Brown Jr."
-0.318326484611464,-0.58416675901666,-0.997602524595145,-0.791228970001167,1.04206949381731,-0.826428783683119,-0.544568138304054,-0.432536213553847,-0.291206221726327,"SG",0,45,2,"Ty Jerome"
0.403580961988557,-0.744044782667807,-1.12721052775588,-0.733814949634067,0.017645147241892,-0.76663897704828,-0.763317629285915,-1.12127035964128,-0.657274137403101,"PG",0,31,2,"TyTy Washington Jr."
1.70012503584635,0.0966543707634057,-0.914979022439478,0.648553171682929,0.743227089550028,-0.74354474372653,1.12076878468788,-1.37846476644665,1.30302755919521,"SG",0,67,67,"Tyler Herro"
1.44967936786361,0.632947419673992,-0.697402990466677,-0.413285192563643,4.17594361530799,-0.318292839780099,1.34052014287195,-1.7266766502154,1.50874056344637,"PG",1,56,56,"Tyrese Haliburton"
-0.999409136076012,-1.14267430342331,-0.150315253731161,-1.37224540552416,-1.27305313621219,-1.14625198595951,-1.48128007097398,-2.83281235820256,-1.32459167444533,"SG",0,16,0,"Tyrese Martin"
1.01948337310974,0.632947419673992,-0.903742125042491,-0.714284694685901,0.424853371661153,-0.939262199414658,-0.254287950724445,-0.383039587615096,1.43702025364328,"SG",0,60,41,"Tyrese Maxey"
0.575670788101449,-0.447471035379229,-0.796209447494333,-0.609982425936793,2.08565013874737,-0.885326318521178,-0.474218098871369,-2.66154026269704,0.125237584487192,"PG",0,80,22,"Tyus Jones"
-1.64773179436423,-0.598769627733958,0.794577620481377,1.00525579054945,-1.10708751652424,0.736107705698678,-0.47125265753695,-0.589766076349365,-0.776048494450683,"C",0,36,4,"Udoka Azubuike"
-0.384107339693741,-0.478931396660232,0.0822364233341944,-0.919278004250876,-1.47787356352203,0.256815234928329,-1.68171043721063,1.51843041345698,-0.6227927713099,"C",0,7,1,"Udonis Haslem"
-0.982002486233443,-0.710857011044225,1.87668253973847,0.63175185419426,-0.531435369061518,0.455333908226756,-0.43951593430379,1.33934224337745,-1.16227908907414,"C",0,75,1,"Usman Garuba"
-1.64773179436423,-0.826768242294522,0.154080378908981,-0.277380074105601,-0.703015655117172,0.820598311339537,-0.719153100033221,-0.147177168965156,-1.77684925779115,"C",0,11,0,"Vernon Carey Jr."
0.916536302257254,-0.102442957770343,-0.824450346746352,-0.341781838430047,0.79044229063377,-0.405969911133866,1.34516217525122,0.505285492388847,0.0843558791400359,"SG",0,42,2,"Victor Oladipo"
0.654410344008426,-1.19506776242909,-0.444684287809005,-1.09260436886489,-1.01852554519412,-0.563262010241331,-0.859046225334416,-0.311541260439162,-1.19277858957387,"SG",0,15,1,"Vince Williams Jr."
-0.694961724382144,-1.17593063530919,-0.663582571144513,-0.946213920062781,-0.445864823339619,-1.14625198595951,-1.14102598215199,-0.788355536622725,-1.5220363077816,"PG",0,29,0,"Vit Krejci"
-0.202517031447452,-0.66840655502533,-0.586754535417956,-0.469988220231328,-0.228293177439641,-0.414285262014318,-0.572088438918921,-0.0130396606749001,-0.61765652714145,"PF",0,60,9,"Vlatko Čančar"
-1.64773179436423,0.165338807427619,2.87354282682612,1.90044348225998,-0.836888603882978,5.09071809362361,-0.58911550840918,0.709576102181955,-0.0417250909237619,"C",0,74,40,"Walker Kessler"
0.190735163401563,0.702173761798791,1.05766186622074,2.07427872225464,-0.107745641580091,0.214644291724098,0.784980892231941,0.783498752279518,0.783632655458755,"C",0,57,54,"Wendell Carter Jr."
-0.797861260938671,-0.987461280650386,-0.976727261089274,-1.28841985134991,-0.403896934206821,0.216805182166577,-0.669241968874091,-1.56943291412061,-1.37628070736783,"SG",0,29,2,"Wendell Moore Jr."
-1.27242777396853,-0.196808433887661,1.74376247864931,0.346444789488512,-1.00360397663757,0.659531889726667,-0.358796566570759,1.58416613443273,-0.482138773200059,"C",0,68,2,"Wenyen Gabriel"
0.100284289293276,-0.883891816062744,-0.0937272727861685,-0.750667398881904,-0.833594109879916,-0.0949245664647889,-1.30697731097909,-0.154272908705382,-1.17066853746196,"SF",0,52,0,"Wesley Matthews"
0.511778538537584,-0.658892130120683,-0.830895156897813,-0.201903812182619,0.227727125850792,-0.496843651880737,-0.105669235691761,-1.23128228130053,-0.290159607783553,"SG",0,56,2,"Will Barton"
-1.38757206514856,1.64806845978672,1.80315382502617,1.60379342059034,-0.491586388908239,0.105512499870453,0.697046004637176,1.26546813459972,0.291141380287829,"C",0,38,2,"Willy Hernangómez"
-1.56324060320333,-0.268284999593241,1.92560686333903,0.321656673961193,-0.837247295489916,0.479873206890944,0.106155923949549,0.0915613553680737,-0.864616876963749,"PF",0,10,1,"Xavier Cooks"
-0.478422104731576,-1.35022426554712,-1.31642039419412,-0.643197069606725,0.923307849731237,-1.14625198595951,-0.627363758107714,-1.05646548567441,-1.10623690732117,"SG",0,4,0,"Xavier Moon"
-0.340000052270304,-0.233826763696923,-1.31642039419412,-0.693493113095328,-0.045643394227875,0.112184249872125,0.17266063323885,1.56230670135871,-0.640315550686414,"SF",0,4,0,"Xavier Sneed"
-1.52048155310808,-0.128111367810752,1.73529382159952,0.391551078928447,-0.191430230719546,0.384416627683743,-0.60609478494446,-0.159501706807881,-0.346509845167543,"C",0,61,29,"Xavier Tillman Sr."
0.0134493369799004,-0.61032841762831,-0.45036752629211,-0.359168474811741,-0.747708247254191,-0.103711421085356,-1.08949313817987,-0.180890777507071,-0.517036186891105,"SF",0,58,1,"Yuta Watanabe"
-0.347524784917712,0.314736303785707,1.12387510239074,1.28032602768576,0.593816218392519,1.02973958133358,1.5108174890253,2.31098241741944,0.530333013856399,"C",0,63,26,"Zach Collins"
1.26288982044316,1.58950190176984,-0.824853471013018,-0.042196550282329,0.697925327028752,-0.751758395740906,1.18412956018684,-0.650217543723081,2.0345698727736,"SG",0,77,77,"Zach LaVine"
-0.687457816992291,-0.120559837910108,0.986507850872023,-0.71175177791527,-1.17450035287542,0.393874747162975,-0.498706999432094,1.65968705895679,-0.468450181562858,"PF",0,53,5,"Zeke Nnaji"
0.295329810694162,-0.776033871951976,-0.599520593057894,-0.501646688232053,-0.627914927755991,-0.427091575035562,0.326738056408849,0.395599499023343,-0.427354133070866,"SF",0,37,4,"Ziaire Williams"
-1.34263287537001,3.4496794961009,0.774116665756969,0.770112027291457,1.05575250978219,0.112025521192836,2.59607264183613,-0.344150807228459,2.52036498133082,"PF",1,29,29,"Zion Williamson"
